run_group,run_date,system,suite,suite_items,n_repeats,scorer_epoch,comparable_key,scope,status,bucket,metric,score_kind,value,sd_across_repeats,ci_low,ci_high,ci_method,n_items,artifact,notes
week_1_wiring_smoke,2026-07-25,mamay12,mixed_ua_v0,40,1,unknown_early,mixed_ua_v0|unknown_early,full_suite,superseded,overall,overall_micro,,0.8769,,0.7781,0.9604,bootstrap_items_percentile_95,40,results/week_1_wiring_smoke/scores_small_vs_large.json,"Wiring smoke test, unpinned decoding."
week_1_wiring_smoke,2026-07-25,mamay12,mixed_ua_v0,40,1,unknown_early,mixed_ua_v0|unknown_early,full_suite,superseded,overall,latency_p50_ms,,1535.2,,,,,40,results/week_1_wiring_smoke/scores_small_vs_large.json,"Wiring smoke test, unpinned decoding."
week_1_wiring_smoke,2026-07-25,mamay12,mixed_ua_v0,40,1,unknown_early,mixed_ua_v0|unknown_early,full_suite,superseded,overall,latency_avg_ms,,2974.7,,,,,40,results/week_1_wiring_smoke/scores_small_vs_large.json,"Wiring smoke test, unpinned decoding."
week_1_wiring_smoke,2026-07-25,mamay12,mixed_ua_v0,40,1,unknown_early,mixed_ua_v0|unknown_early,full_suite,superseded,chat,quality,ordinal_quarter,1.0,,1.0,1.0,bootstrap_items_percentile_95,8,results/week_1_wiring_smoke/scores_small_vs_large.json,"Wiring smoke test, unpinned decoding."
week_1_wiring_smoke,2026-07-25,mamay12,mixed_ua_v0,40,1,unknown_early,mixed_ua_v0|unknown_early,full_suite,superseded,chat,latency_p50_ms,ordinal_quarter,5201.3,,,,,8,results/week_1_wiring_smoke/scores_small_vs_large.json,"Wiring smoke test, unpinned decoding."
week_1_wiring_smoke,2026-07-25,mamay12,mixed_ua_v0,40,1,unknown_early,mixed_ua_v0|unknown_early,full_suite,superseded,code,quality,binary_exec,1.0,,1.0,1.0,bootstrap_items_percentile_95,8,results/week_1_wiring_smoke/scores_small_vs_large.json,"Wiring smoke test, unpinned decoding."
week_1_wiring_smoke,2026-07-25,mamay12,mixed_ua_v0,40,1,unknown_early,mixed_ua_v0|unknown_early,full_suite,superseded,code,latency_p50_ms,binary_exec,1895.6,,,,,8,results/week_1_wiring_smoke/scores_small_vs_large.json,"Wiring smoke test, unpinned decoding."
week_1_wiring_smoke,2026-07-25,mamay12,mixed_ua_v0,40,1,unknown_early,mixed_ua_v0|unknown_early,full_suite,superseded,instruct,quality,binary_format,0.875,,0.625,1.0,bootstrap_items_percentile_95,8,results/week_1_wiring_smoke/scores_small_vs_large.json,"Wiring smoke test, unpinned decoding."
week_1_wiring_smoke,2026-07-25,mamay12,mixed_ua_v0,40,1,unknown_early,mixed_ua_v0|unknown_early,full_suite,superseded,instruct,latency_p50_ms,binary_format,1535.2,,,,,8,results/week_1_wiring_smoke/scores_small_vs_large.json,"Wiring smoke test, unpinned decoding."
week_1_wiring_smoke,2026-07-25,mamay12,mixed_ua_v0,40,1,unknown_early,mixed_ua_v0|unknown_early,full_suite,superseded,knowledge,quality,binary_label,0.875,,0.625,1.0,bootstrap_items_percentile_95,8,results/week_1_wiring_smoke/scores_small_vs_large.json,"Wiring smoke test, unpinned decoding."
week_1_wiring_smoke,2026-07-25,mamay12,mixed_ua_v0,40,1,unknown_early,mixed_ua_v0|unknown_early,full_suite,superseded,knowledge,latency_p50_ms,binary_label,1405.6,,,,,8,results/week_1_wiring_smoke/scores_small_vs_large.json,"Wiring smoke test, unpinned decoding."
week_1_wiring_smoke,2026-07-25,mamay12,mixed_ua_v0,40,1,unknown_early,mixed_ua_v0|unknown_early,full_suite,superseded,translate,quality,continuous_chrf,0.6344,,0.3579,0.867,bootstrap_items_percentile_95,8,results/week_1_wiring_smoke/scores_small_vs_large.json,"Wiring smoke test, unpinned decoding."
week_1_wiring_smoke,2026-07-25,mamay12,mixed_ua_v0,40,1,unknown_early,mixed_ua_v0|unknown_early,full_suite,superseded,translate,latency_p50_ms,continuous_chrf,1170.6,,,,,8,results/week_1_wiring_smoke/scores_small_vs_large.json,"Wiring smoke test, unpinned decoding."
week_1_wiring_smoke,2026-07-25,mamay4,mixed_ua_v0,40,1,unknown_early,mixed_ua_v0|unknown_early,full_suite,superseded,overall,overall_micro,,0.8805,,0.7871,0.9607,bootstrap_items_percentile_95,40,results/week_1_wiring_smoke/scores_small_vs_large.json,"Wiring smoke test, unpinned decoding."
week_1_wiring_smoke,2026-07-25,mamay4,mixed_ua_v0,40,1,unknown_early,mixed_ua_v0|unknown_early,full_suite,superseded,overall,latency_p50_ms,,1707.9,,,,,40,results/week_1_wiring_smoke/scores_small_vs_large.json,"Wiring smoke test, unpinned decoding."
week_1_wiring_smoke,2026-07-25,mamay4,mixed_ua_v0,40,1,unknown_early,mixed_ua_v0|unknown_early,full_suite,superseded,overall,latency_avg_ms,,3129.0,,,,,40,results/week_1_wiring_smoke/scores_small_vs_large.json,"Wiring smoke test, unpinned decoding."
week_1_wiring_smoke,2026-07-25,mamay4,mixed_ua_v0,40,1,unknown_early,mixed_ua_v0|unknown_early,full_suite,superseded,chat,quality,ordinal_quarter,1.0,,1.0,1.0,bootstrap_items_percentile_95,8,results/week_1_wiring_smoke/scores_small_vs_large.json,"Wiring smoke test, unpinned decoding."
week_1_wiring_smoke,2026-07-25,mamay4,mixed_ua_v0,40,1,unknown_early,mixed_ua_v0|unknown_early,full_suite,superseded,chat,latency_p50_ms,ordinal_quarter,3282.2,,,,,8,results/week_1_wiring_smoke/scores_small_vs_large.json,"Wiring smoke test, unpinned decoding."
week_1_wiring_smoke,2026-07-25,mamay4,mixed_ua_v0,40,1,unknown_early,mixed_ua_v0|unknown_early,full_suite,superseded,code,quality,binary_exec,1.0,,1.0,1.0,bootstrap_items_percentile_95,8,results/week_1_wiring_smoke/scores_small_vs_large.json,"Wiring smoke test, unpinned decoding."
week_1_wiring_smoke,2026-07-25,mamay4,mixed_ua_v0,40,1,unknown_early,mixed_ua_v0|unknown_early,full_suite,superseded,code,latency_p50_ms,binary_exec,2521.5,,,,,8,results/week_1_wiring_smoke/scores_small_vs_large.json,"Wiring smoke test, unpinned decoding."
week_1_wiring_smoke,2026-07-25,mamay4,mixed_ua_v0,40,1,unknown_early,mixed_ua_v0|unknown_early,full_suite,superseded,instruct,quality,binary_format,0.875,,0.625,1.0,bootstrap_items_percentile_95,8,results/week_1_wiring_smoke/scores_small_vs_large.json,"Wiring smoke test, unpinned decoding."
week_1_wiring_smoke,2026-07-25,mamay4,mixed_ua_v0,40,1,unknown_early,mixed_ua_v0|unknown_early,full_suite,superseded,instruct,latency_p50_ms,binary_format,1304.4,,,,,8,results/week_1_wiring_smoke/scores_small_vs_large.json,"Wiring smoke test, unpinned decoding."
week_1_wiring_smoke,2026-07-25,mamay4,mixed_ua_v0,40,1,unknown_early,mixed_ua_v0|unknown_early,full_suite,superseded,knowledge,quality,binary_label,0.875,,0.625,1.0,bootstrap_items_percentile_95,8,results/week_1_wiring_smoke/scores_small_vs_large.json,"Wiring smoke test, unpinned decoding."
week_1_wiring_smoke,2026-07-25,mamay4,mixed_ua_v0,40,1,unknown_early,mixed_ua_v0|unknown_early,full_suite,superseded,knowledge,latency_p50_ms,binary_label,1530.9,,,,,8,results/week_1_wiring_smoke/scores_small_vs_large.json,"Wiring smoke test, unpinned decoding."
week_1_wiring_smoke,2026-07-25,mamay4,mixed_ua_v0,40,1,unknown_early,mixed_ua_v0|unknown_early,full_suite,superseded,translate,quality,continuous_chrf,0.6527,,0.4191,0.8669,bootstrap_items_percentile_95,8,results/week_1_wiring_smoke/scores_small_vs_large.json,"Wiring smoke test, unpinned decoding."
week_1_wiring_smoke,2026-07-25,mamay4,mixed_ua_v0,40,1,unknown_early,mixed_ua_v0|unknown_early,full_suite,superseded,translate,latency_p50_ms,continuous_chrf,1128.2,,,,,8,results/week_1_wiring_smoke/scores_small_vs_large.json,"Wiring smoke test, unpinned decoding."
week_1_wiring_smoke,2026-07-25,router_small,mixed_ua_v0,40,1,unknown_early,mixed_ua_v0|unknown_early,full_suite,superseded,overall,overall_micro,,0.8568,,0.7549,0.9472,bootstrap_items_percentile_95,40,results/week_1_wiring_smoke/scores_small_vs_large.json,"Wiring smoke test, unpinned decoding."
week_1_wiring_smoke,2026-07-25,router_small,mixed_ua_v0,40,1,unknown_early,mixed_ua_v0|unknown_early,full_suite,superseded,overall,latency_p50_ms,,2427.8,,,,,40,results/week_1_wiring_smoke/scores_small_vs_large.json,"Wiring smoke test, unpinned decoding."
week_1_wiring_smoke,2026-07-25,router_small,mixed_ua_v0,40,1,unknown_early,mixed_ua_v0|unknown_early,full_suite,superseded,overall,latency_avg_ms,,3533.4,,,,,40,results/week_1_wiring_smoke/scores_small_vs_large.json,"Wiring smoke test, unpinned decoding."
week_1_wiring_smoke,2026-07-25,router_small,mixed_ua_v0,40,1,unknown_early,mixed_ua_v0|unknown_early,full_suite,superseded,chat,quality,ordinal_quarter,1.0,,1.0,1.0,bootstrap_items_percentile_95,8,results/week_1_wiring_smoke/scores_small_vs_large.json,"Wiring smoke test, unpinned decoding."
week_1_wiring_smoke,2026-07-25,router_small,mixed_ua_v0,40,1,unknown_early,mixed_ua_v0|unknown_early,full_suite,superseded,chat,latency_p50_ms,ordinal_quarter,4671.1,,,,,8,results/week_1_wiring_smoke/scores_small_vs_large.json,"Wiring smoke test, unpinned decoding."
week_1_wiring_smoke,2026-07-25,router_small,mixed_ua_v0,40,1,unknown_early,mixed_ua_v0|unknown_early,full_suite,superseded,code,quality,binary_exec,0.875,,0.625,1.0,bootstrap_items_percentile_95,8,results/week_1_wiring_smoke/scores_small_vs_large.json,"Wiring smoke test, unpinned decoding."
week_1_wiring_smoke,2026-07-25,router_small,mixed_ua_v0,40,1,unknown_early,mixed_ua_v0|unknown_early,full_suite,superseded,code,latency_p50_ms,binary_exec,3836.7,,,,,8,results/week_1_wiring_smoke/scores_small_vs_large.json,"Wiring smoke test, unpinned decoding."
week_1_wiring_smoke,2026-07-25,router_small,mixed_ua_v0,40,1,unknown_early,mixed_ua_v0|unknown_early,full_suite,superseded,instruct,quality,binary_format,0.875,,0.625,1.0,bootstrap_items_percentile_95,8,results/week_1_wiring_smoke/scores_small_vs_large.json,"Wiring smoke test, unpinned decoding."
week_1_wiring_smoke,2026-07-25,router_small,mixed_ua_v0,40,1,unknown_early,mixed_ua_v0|unknown_early,full_suite,superseded,instruct,latency_p50_ms,binary_format,1305.4,,,,,8,results/week_1_wiring_smoke/scores_small_vs_large.json,"Wiring smoke test, unpinned decoding."
week_1_wiring_smoke,2026-07-25,router_small,mixed_ua_v0,40,1,unknown_early,mixed_ua_v0|unknown_early,full_suite,superseded,knowledge,quality,binary_label,0.875,,0.625,1.0,bootstrap_items_percentile_95,8,results/week_1_wiring_smoke/scores_small_vs_large.json,"Wiring smoke test, unpinned decoding."
week_1_wiring_smoke,2026-07-25,router_small,mixed_ua_v0,40,1,unknown_early,mixed_ua_v0|unknown_early,full_suite,superseded,knowledge,latency_p50_ms,binary_label,1534.6,,,,,8,results/week_1_wiring_smoke/scores_small_vs_large.json,"Wiring smoke test, unpinned decoding."
week_1_wiring_smoke,2026-07-25,router_small,mixed_ua_v0,40,1,unknown_early,mixed_ua_v0|unknown_early,full_suite,superseded,translate,quality,continuous_chrf,0.6588,,0.431,0.869,bootstrap_items_percentile_95,8,results/week_1_wiring_smoke/scores_small_vs_large.json,"Wiring smoke test, unpinned decoding."
week_1_wiring_smoke,2026-07-25,router_small,mixed_ua_v0,40,1,unknown_early,mixed_ua_v0|unknown_early,full_suite,superseded,translate,latency_p50_ms,continuous_chrf,1126.6,,,,,8,results/week_1_wiring_smoke/scores_small_vs_large.json,"Wiring smoke test, unpinned decoding."
week_1_wiring_smoke,2026-07-25,lapa,mixed_ua_v0,40,1,unknown_early,mixed_ua_v0|unknown_early,full_suite,superseded,overall,overall_micro,,0.8286,,0.7159,0.9278,bootstrap_items_percentile_95,40,results/week_1_wiring_smoke/scores_with_latency.json,Wiring smoke test; only artifact covering lapa/router_dual.
week_1_wiring_smoke,2026-07-25,lapa,mixed_ua_v0,40,1,unknown_early,mixed_ua_v0|unknown_early,full_suite,superseded,overall,latency_p50_ms,,4146.4,,,,,40,results/week_1_wiring_smoke/scores_with_latency.json,Wiring smoke test; only artifact covering lapa/router_dual.
week_1_wiring_smoke,2026-07-25,lapa,mixed_ua_v0,40,1,unknown_early,mixed_ua_v0|unknown_early,full_suite,superseded,overall,latency_avg_ms,,6222.6,,,,,40,results/week_1_wiring_smoke/scores_with_latency.json,Wiring smoke test; only artifact covering lapa/router_dual.
week_1_wiring_smoke,2026-07-25,lapa,mixed_ua_v0,40,1,unknown_early,mixed_ua_v0|unknown_early,full_suite,superseded,chat,quality,ordinal_quarter,1.0,,1.0,1.0,bootstrap_items_percentile_95,8,results/week_1_wiring_smoke/scores_with_latency.json,Wiring smoke test; only artifact covering lapa/router_dual.
week_1_wiring_smoke,2026-07-25,lapa,mixed_ua_v0,40,1,unknown_early,mixed_ua_v0|unknown_early,full_suite,superseded,chat,latency_p50_ms,ordinal_quarter,4906.9,,,,,8,results/week_1_wiring_smoke/scores_with_latency.json,Wiring smoke test; only artifact covering lapa/router_dual.
week_1_wiring_smoke,2026-07-25,lapa,mixed_ua_v0,40,1,unknown_early,mixed_ua_v0|unknown_early,full_suite,superseded,code,quality,binary_exec,1.0,,1.0,1.0,bootstrap_items_percentile_95,8,results/week_1_wiring_smoke/scores_with_latency.json,Wiring smoke test; only artifact covering lapa/router_dual.
week_1_wiring_smoke,2026-07-25,lapa,mixed_ua_v0,40,1,unknown_early,mixed_ua_v0|unknown_early,full_suite,superseded,code,latency_p50_ms,binary_exec,15767.9,,,,,8,results/week_1_wiring_smoke/scores_with_latency.json,Wiring smoke test; only artifact covering lapa/router_dual.
week_1_wiring_smoke,2026-07-25,lapa,mixed_ua_v0,40,1,unknown_early,mixed_ua_v0|unknown_early,full_suite,superseded,instruct,quality,binary_format,0.875,,0.625,1.0,bootstrap_items_percentile_95,8,results/week_1_wiring_smoke/scores_with_latency.json,Wiring smoke test; only artifact covering lapa/router_dual.
week_1_wiring_smoke,2026-07-25,lapa,mixed_ua_v0,40,1,unknown_early,mixed_ua_v0|unknown_early,full_suite,superseded,instruct,latency_p50_ms,binary_format,1429.7,,,,,8,results/week_1_wiring_smoke/scores_with_latency.json,Wiring smoke test; only artifact covering lapa/router_dual.
week_1_wiring_smoke,2026-07-25,lapa,mixed_ua_v0,40,1,unknown_early,mixed_ua_v0|unknown_early,full_suite,superseded,knowledge,quality,binary_label,0.875,,0.625,1.0,bootstrap_items_percentile_95,8,results/week_1_wiring_smoke/scores_with_latency.json,Wiring smoke test; only artifact covering lapa/router_dual.
week_1_wiring_smoke,2026-07-25,lapa,mixed_ua_v0,40,1,unknown_early,mixed_ua_v0|unknown_early,full_suite,superseded,knowledge,latency_p50_ms,binary_label,3982.0,,,,,8,results/week_1_wiring_smoke/scores_with_latency.json,Wiring smoke test; only artifact covering lapa/router_dual.
week_1_wiring_smoke,2026-07-25,lapa,mixed_ua_v0,40,1,unknown_early,mixed_ua_v0|unknown_early,full_suite,superseded,translate,quality,continuous_chrf,0.3932,,0.1288,0.637,bootstrap_items_percentile_95,8,results/week_1_wiring_smoke/scores_with_latency.json,Wiring smoke test; only artifact covering lapa/router_dual.
week_1_wiring_smoke,2026-07-25,lapa,mixed_ua_v0,40,1,unknown_early,mixed_ua_v0|unknown_early,full_suite,superseded,translate,latency_p50_ms,continuous_chrf,3800.0,,,,,8,results/week_1_wiring_smoke/scores_with_latency.json,Wiring smoke test; only artifact covering lapa/router_dual.
week_1_wiring_smoke,2026-07-25,mamay12,mixed_ua_v0,40,1,unknown_early,mixed_ua_v0|unknown_early,full_suite,superseded,overall,overall_micro,,0.9233,,0.8473,0.9824,bootstrap_items_percentile_95,40,results/week_1_wiring_smoke/scores_with_latency.json,Wiring smoke test; only artifact covering lapa/router_dual.
week_1_wiring_smoke,2026-07-25,mamay12,mixed_ua_v0,40,1,unknown_early,mixed_ua_v0|unknown_early,full_suite,superseded,overall,latency_p50_ms,,1606.1,,,,,40,results/week_1_wiring_smoke/scores_with_latency.json,Wiring smoke test; only artifact covering lapa/router_dual.
week_1_wiring_smoke,2026-07-25,mamay12,mixed_ua_v0,40,1,unknown_early,mixed_ua_v0|unknown_early,full_suite,superseded,overall,latency_avg_ms,,2544.6,,,,,40,results/week_1_wiring_smoke/scores_with_latency.json,Wiring smoke test; only artifact covering lapa/router_dual.
week_1_wiring_smoke,2026-07-25,mamay12,mixed_ua_v0,40,1,unknown_early,mixed_ua_v0|unknown_early,full_suite,superseded,chat,quality,ordinal_quarter,1.0,,1.0,1.0,bootstrap_items_percentile_95,8,results/week_1_wiring_smoke/scores_with_latency.json,Wiring smoke test; only artifact covering lapa/router_dual.
week_1_wiring_smoke,2026-07-25,mamay12,mixed_ua_v0,40,1,unknown_early,mixed_ua_v0|unknown_early,full_suite,superseded,chat,latency_p50_ms,ordinal_quarter,4894.1,,,,,8,results/week_1_wiring_smoke/scores_with_latency.json,Wiring smoke test; only artifact covering lapa/router_dual.
week_1_wiring_smoke,2026-07-25,mamay12,mixed_ua_v0,40,1,unknown_early,mixed_ua_v0|unknown_early,full_suite,superseded,code,quality,binary_exec,1.0,,1.0,1.0,bootstrap_items_percentile_95,8,results/week_1_wiring_smoke/scores_with_latency.json,Wiring smoke test; only artifact covering lapa/router_dual.
week_1_wiring_smoke,2026-07-25,mamay12,mixed_ua_v0,40,1,unknown_early,mixed_ua_v0|unknown_early,full_suite,superseded,code,latency_p50_ms,binary_exec,1893.5,,,,,8,results/week_1_wiring_smoke/scores_with_latency.json,Wiring smoke test; only artifact covering lapa/router_dual.
week_1_wiring_smoke,2026-07-25,mamay12,mixed_ua_v0,40,1,unknown_early,mixed_ua_v0|unknown_early,full_suite,superseded,instruct,quality,binary_format,0.875,,0.625,1.0,bootstrap_items_percentile_95,8,results/week_1_wiring_smoke/scores_with_latency.json,Wiring smoke test; only artifact covering lapa/router_dual.
week_1_wiring_smoke,2026-07-25,mamay12,mixed_ua_v0,40,1,unknown_early,mixed_ua_v0|unknown_early,full_suite,superseded,instruct,latency_p50_ms,binary_format,1527.9,,,,,8,results/week_1_wiring_smoke/scores_with_latency.json,Wiring smoke test; only artifact covering lapa/router_dual.
week_1_wiring_smoke,2026-07-25,mamay12,mixed_ua_v0,40,1,unknown_early,mixed_ua_v0|unknown_early,full_suite,superseded,knowledge,quality,binary_label,0.875,,0.625,1.0,bootstrap_items_percentile_95,8,results/week_1_wiring_smoke/scores_with_latency.json,Wiring smoke test; only artifact covering lapa/router_dual.
week_1_wiring_smoke,2026-07-25,mamay12,mixed_ua_v0,40,1,unknown_early,mixed_ua_v0|unknown_early,full_suite,superseded,knowledge,latency_p50_ms,binary_label,1606.1,,,,,8,results/week_1_wiring_smoke/scores_with_latency.json,Wiring smoke test; only artifact covering lapa/router_dual.
week_1_wiring_smoke,2026-07-25,mamay12,mixed_ua_v0,40,1,unknown_early,mixed_ua_v0|unknown_early,full_suite,superseded,translate,quality,continuous_chrf,0.8663,,0.7927,0.9383,bootstrap_items_percentile_95,8,results/week_1_wiring_smoke/scores_with_latency.json,Wiring smoke test; only artifact covering lapa/router_dual.
week_1_wiring_smoke,2026-07-25,mamay12,mixed_ua_v0,40,1,unknown_early,mixed_ua_v0|unknown_early,full_suite,superseded,translate,latency_p50_ms,continuous_chrf,1046.0,,,,,8,results/week_1_wiring_smoke/scores_with_latency.json,Wiring smoke test; only artifact covering lapa/router_dual.
week_1_wiring_smoke,2026-07-25,router_dual,mixed_ua_v0,40,1,unknown_early,mixed_ua_v0|unknown_early,full_suite,superseded,overall,overall_micro,,0.931,,0.8549,0.9886,bootstrap_items_percentile_95,40,results/week_1_wiring_smoke/scores_with_latency.json,Wiring smoke test; only artifact covering lapa/router_dual.
week_1_wiring_smoke,2026-07-25,router_dual,mixed_ua_v0,40,1,unknown_early,mixed_ua_v0|unknown_early,full_suite,superseded,overall,latency_p50_ms,,1714.8,,,,,40,results/week_1_wiring_smoke/scores_with_latency.json,Wiring smoke test; only artifact covering lapa/router_dual.
week_1_wiring_smoke,2026-07-25,router_dual,mixed_ua_v0,40,1,unknown_early,mixed_ua_v0|unknown_early,full_suite,superseded,overall,latency_avg_ms,,3471.0,,,,,40,results/week_1_wiring_smoke/scores_with_latency.json,Wiring smoke test; only artifact covering lapa/router_dual.
week_1_wiring_smoke,2026-07-25,router_dual,mixed_ua_v0,40,1,unknown_early,mixed_ua_v0|unknown_early,full_suite,superseded,chat,quality,ordinal_quarter,1.0,,1.0,1.0,bootstrap_items_percentile_95,8,results/week_1_wiring_smoke/scores_with_latency.json,Wiring smoke test; only artifact covering lapa/router_dual.
week_1_wiring_smoke,2026-07-25,router_dual,mixed_ua_v0,40,1,unknown_early,mixed_ua_v0|unknown_early,full_suite,superseded,chat,latency_p50_ms,ordinal_quarter,5369.1,,,,,8,results/week_1_wiring_smoke/scores_with_latency.json,Wiring smoke test; only artifact covering lapa/router_dual.
week_1_wiring_smoke,2026-07-25,router_dual,mixed_ua_v0,40,1,unknown_early,mixed_ua_v0|unknown_early,full_suite,superseded,code,quality,binary_exec,1.0,,1.0,1.0,bootstrap_items_percentile_95,8,results/week_1_wiring_smoke/scores_with_latency.json,Wiring smoke test; only artifact covering lapa/router_dual.
week_1_wiring_smoke,2026-07-25,router_dual,mixed_ua_v0,40,1,unknown_early,mixed_ua_v0|unknown_early,full_suite,superseded,code,latency_p50_ms,binary_exec,1897.7,,,,,8,results/week_1_wiring_smoke/scores_with_latency.json,Wiring smoke test; only artifact covering lapa/router_dual.
week_1_wiring_smoke,2026-07-25,router_dual,mixed_ua_v0,40,1,unknown_early,mixed_ua_v0|unknown_early,full_suite,superseded,instruct,quality,binary_format,0.875,,0.625,1.0,bootstrap_items_percentile_95,8,results/week_1_wiring_smoke/scores_with_latency.json,Wiring smoke test; only artifact covering lapa/router_dual.
week_1_wiring_smoke,2026-07-25,router_dual,mixed_ua_v0,40,1,unknown_early,mixed_ua_v0|unknown_early,full_suite,superseded,instruct,latency_p50_ms,binary_format,1528.5,,,,,8,results/week_1_wiring_smoke/scores_with_latency.json,Wiring smoke test; only artifact covering lapa/router_dual.
week_1_wiring_smoke,2026-07-25,router_dual,mixed_ua_v0,40,1,unknown_early,mixed_ua_v0|unknown_early,full_suite,superseded,knowledge,quality,binary_label,0.875,,0.625,1.0,bootstrap_items_percentile_95,8,results/week_1_wiring_smoke/scores_with_latency.json,Wiring smoke test; only artifact covering lapa/router_dual.
week_1_wiring_smoke,2026-07-25,router_dual,mixed_ua_v0,40,1,unknown_early,mixed_ua_v0|unknown_early,full_suite,superseded,knowledge,latency_p50_ms,binary_label,3786.2,,,,,8,results/week_1_wiring_smoke/scores_with_latency.json,Wiring smoke test; only artifact covering lapa/router_dual.
week_1_wiring_smoke,2026-07-25,router_dual,mixed_ua_v0,40,1,unknown_early,mixed_ua_v0|unknown_early,full_suite,superseded,translate,quality,continuous_chrf,0.9048,,0.8401,0.9646,bootstrap_items_percentile_95,8,results/week_1_wiring_smoke/scores_with_latency.json,Wiring smoke test; only artifact covering lapa/router_dual.
week_1_wiring_smoke,2026-07-25,router_dual,mixed_ua_v0,40,1,unknown_early,mixed_ua_v0|unknown_early,full_suite,superseded,translate,latency_p50_ms,continuous_chrf,1039.5,,,,,8,results/week_1_wiring_smoke/scores_with_latency.json,Wiring smoke test; only artifact covering lapa/router_dual.
week_2_v1_and_external,2026-07-27,mamay12,mixed_ua_v1,64,1,unknown_early,mixed_ua_v1|unknown_early,full_suite,superseded,overall,overall_micro,,0.7693,,0.6672,0.866,bootstrap_items_percentile_95,64,results/week_2_v1_and_external/scores_mixed_ua_v1.json,Unpinned decoding.
week_2_v1_and_external,2026-07-27,mamay12,mixed_ua_v1,64,1,unknown_early,mixed_ua_v1|unknown_early,full_suite,superseded,overall,latency_p50_ms,,983.3,,,,,64,results/week_2_v1_and_external/scores_mixed_ua_v1.json,Unpinned decoding.
week_2_v1_and_external,2026-07-27,mamay12,mixed_ua_v1,64,1,unknown_early,mixed_ua_v1|unknown_early,full_suite,superseded,overall,latency_avg_ms,,1965.7,,,,,64,results/week_2_v1_and_external/scores_mixed_ua_v1.json,Unpinned decoding.
week_2_v1_and_external,2026-07-27,mamay12,mixed_ua_v1,64,1,unknown_early,mixed_ua_v1|unknown_early,full_suite,superseded,chat,quality,ordinal_quarter,1.0,,1.0,1.0,bootstrap_items_percentile_95,8,results/week_2_v1_and_external/scores_mixed_ua_v1.json,Unpinned decoding.
week_2_v1_and_external,2026-07-27,mamay12,mixed_ua_v1,64,1,unknown_early,mixed_ua_v1|unknown_early,full_suite,superseded,chat,latency_p50_ms,ordinal_quarter,4943.7,,,,,8,results/week_2_v1_and_external/scores_mixed_ua_v1.json,Unpinned decoding.
week_2_v1_and_external,2026-07-27,mamay12,mixed_ua_v1,64,1,unknown_early,mixed_ua_v1|unknown_early,full_suite,superseded,code,quality,binary_exec,1.0,,1.0,1.0,bootstrap_items_percentile_95,8,results/week_2_v1_and_external/scores_mixed_ua_v1.json,Unpinned decoding.
week_2_v1_and_external,2026-07-27,mamay12,mixed_ua_v1,64,1,unknown_early,mixed_ua_v1|unknown_early,full_suite,superseded,code,latency_p50_ms,binary_exec,1903.7,,,,,8,results/week_2_v1_and_external/scores_mixed_ua_v1.json,Unpinned decoding.
week_2_v1_and_external,2026-07-27,mamay12,mixed_ua_v1,64,1,unknown_early,mixed_ua_v1|unknown_early,full_suite,superseded,instruct,quality,binary_format,0.875,,0.625,1.0,bootstrap_items_percentile_95,8,results/week_2_v1_and_external/scores_mixed_ua_v1.json,Unpinned decoding.
week_2_v1_and_external,2026-07-27,mamay12,mixed_ua_v1,64,1,unknown_early,mixed_ua_v1|unknown_early,full_suite,superseded,instruct,latency_p50_ms,binary_format,1528.9,,,,,8,results/week_2_v1_and_external/scores_mixed_ua_v1.json,Unpinned decoding.
week_2_v1_and_external,2026-07-27,mamay12,mixed_ua_v1,64,1,unknown_early,mixed_ua_v1|unknown_early,full_suite,superseded,knowledge,quality,binary_label,0.5938,,0.4062,0.75,bootstrap_items_percentile_95,32,results/week_2_v1_and_external/scores_mixed_ua_v1.json,Unpinned decoding.
week_2_v1_and_external,2026-07-27,mamay12,mixed_ua_v1,64,1,unknown_early,mixed_ua_v1|unknown_early,full_suite,superseded,knowledge,latency_p50_ms,binary_label,613.9,,,,,32,results/week_2_v1_and_external/scores_mixed_ua_v1.json,Unpinned decoding.
week_2_v1_and_external,2026-07-27,mamay12,mixed_ua_v1,64,1,unknown_early,mixed_ua_v1|unknown_early,full_suite,superseded,translate,quality,continuous_chrf,0.9048,,0.8401,0.9646,bootstrap_items_percentile_95,8,results/week_2_v1_and_external/scores_mixed_ua_v1.json,Unpinned decoding.
week_2_v1_and_external,2026-07-27,mamay12,mixed_ua_v1,64,1,unknown_early,mixed_ua_v1|unknown_early,full_suite,superseded,translate,latency_p50_ms,continuous_chrf,1043.0,,,,,8,results/week_2_v1_and_external/scores_mixed_ua_v1.json,Unpinned decoding.
week_2_v1_and_external,2026-07-27,mamay4,mixed_ua_v1,64,1,unknown_early,mixed_ua_v1|unknown_early,full_suite,superseded,overall,overall_micro,,0.7066,,0.5964,0.8109,bootstrap_items_percentile_95,64,results/week_2_v1_and_external/scores_mixed_ua_v1.json,Unpinned decoding.
week_2_v1_and_external,2026-07-27,mamay4,mixed_ua_v1,64,1,unknown_early,mixed_ua_v1|unknown_early,full_suite,superseded,overall,latency_p50_ms,,1122.3,,,,,64,results/week_2_v1_and_external/scores_mixed_ua_v1.json,Unpinned decoding.
week_2_v1_and_external,2026-07-27,mamay4,mixed_ua_v1,64,1,unknown_early,mixed_ua_v1|unknown_early,full_suite,superseded,overall,latency_avg_ms,,2669.2,,,,,64,results/week_2_v1_and_external/scores_mixed_ua_v1.json,Unpinned decoding.
week_2_v1_and_external,2026-07-27,mamay4,mixed_ua_v1,64,1,unknown_early,mixed_ua_v1|unknown_early,full_suite,superseded,chat,quality,ordinal_quarter,1.0,,1.0,1.0,bootstrap_items_percentile_95,8,results/week_2_v1_and_external/scores_mixed_ua_v1.json,Unpinned decoding.
week_2_v1_and_external,2026-07-27,mamay4,mixed_ua_v1,64,1,unknown_early,mixed_ua_v1|unknown_early,full_suite,superseded,chat,latency_p50_ms,ordinal_quarter,3191.0,,,,,8,results/week_2_v1_and_external/scores_mixed_ua_v1.json,Unpinned decoding.
week_2_v1_and_external,2026-07-27,mamay4,mixed_ua_v1,64,1,unknown_early,mixed_ua_v1|unknown_early,full_suite,superseded,code,quality,binary_exec,1.0,,1.0,1.0,bootstrap_items_percentile_95,8,results/week_2_v1_and_external/scores_mixed_ua_v1.json,Unpinned decoding.
week_2_v1_and_external,2026-07-27,mamay4,mixed_ua_v1,64,1,unknown_early,mixed_ua_v1|unknown_early,full_suite,superseded,code,latency_p50_ms,binary_exec,2436.1,,,,,8,results/week_2_v1_and_external/scores_mixed_ua_v1.json,Unpinned decoding.
week_2_v1_and_external,2026-07-27,mamay4,mixed_ua_v1,64,1,unknown_early,mixed_ua_v1|unknown_early,full_suite,superseded,instruct,quality,binary_format,0.875,,0.625,1.0,bootstrap_items_percentile_95,8,results/week_2_v1_and_external/scores_mixed_ua_v1.json,Unpinned decoding.
week_2_v1_and_external,2026-07-27,mamay4,mixed_ua_v1,64,1,unknown_early,mixed_ua_v1|unknown_early,full_suite,superseded,instruct,latency_p50_ms,binary_format,1275.6,,,,,8,results/week_2_v1_and_external/scores_mixed_ua_v1.json,Unpinned decoding.
week_2_v1_and_external,2026-07-27,mamay4,mixed_ua_v1,64,1,unknown_early,mixed_ua_v1|unknown_early,full_suite,superseded,knowledge,quality,binary_label,0.5312,,0.375,0.6875,bootstrap_items_percentile_95,32,results/week_2_v1_and_external/scores_mixed_ua_v1.json,Unpinned decoding.
week_2_v1_and_external,2026-07-27,mamay4,mixed_ua_v1,64,1,unknown_early,mixed_ua_v1|unknown_early,full_suite,superseded,knowledge,latency_p50_ms,binary_label,830.3,,,,,32,results/week_2_v1_and_external/scores_mixed_ua_v1.json,Unpinned decoding.
week_2_v1_and_external,2026-07-27,mamay4,mixed_ua_v1,64,1,unknown_early,mixed_ua_v1|unknown_early,full_suite,superseded,translate,quality,continuous_chrf,0.6527,,0.4191,0.8669,bootstrap_items_percentile_95,8,results/week_2_v1_and_external/scores_mixed_ua_v1.json,Unpinned decoding.
week_2_v1_and_external,2026-07-27,mamay4,mixed_ua_v1,64,1,unknown_early,mixed_ua_v1|unknown_early,full_suite,superseded,translate,latency_p50_ms,continuous_chrf,1090.2,,,,,8,results/week_2_v1_and_external/scores_mixed_ua_v1.json,Unpinned decoding.
week_2_v1_and_external,2026-07-27,qwen,mixed_ua_v1,64,1,unknown_early,mixed_ua_v1|unknown_early,full_suite,superseded,overall,overall_micro,,0.6561,,0.5463,0.7619,bootstrap_items_percentile_95,64,results/week_2_v1_and_external/scores_mixed_ua_v1.json,Unpinned decoding.
week_2_v1_and_external,2026-07-27,qwen,mixed_ua_v1,64,1,unknown_early,mixed_ua_v1|unknown_early,full_suite,superseded,overall,latency_p50_ms,,422.4,,,,,64,results/week_2_v1_and_external/scores_mixed_ua_v1.json,Unpinned decoding.
week_2_v1_and_external,2026-07-27,qwen,mixed_ua_v1,64,1,unknown_early,mixed_ua_v1|unknown_early,full_suite,superseded,overall,latency_avg_ms,,1211.8,,,,,64,results/week_2_v1_and_external/scores_mixed_ua_v1.json,Unpinned decoding.
week_2_v1_and_external,2026-07-27,qwen,mixed_ua_v1,64,1,unknown_early,mixed_ua_v1|unknown_early,full_suite,superseded,chat,quality,ordinal_quarter,1.0,,1.0,1.0,bootstrap_items_percentile_95,8,results/week_2_v1_and_external/scores_mixed_ua_v1.json,Unpinned decoding.
week_2_v1_and_external,2026-07-27,qwen,mixed_ua_v1,64,1,unknown_early,mixed_ua_v1|unknown_early,full_suite,superseded,chat,latency_p50_ms,ordinal_quarter,1637.9,,,,,8,results/week_2_v1_and_external/scores_mixed_ua_v1.json,Unpinned decoding.
week_2_v1_and_external,2026-07-27,qwen,mixed_ua_v1,64,1,unknown_early,mixed_ua_v1|unknown_early,full_suite,superseded,code,quality,binary_exec,0.875,,0.625,1.0,bootstrap_items_percentile_95,8,results/week_2_v1_and_external/scores_mixed_ua_v1.json,Unpinned decoding.
week_2_v1_and_external,2026-07-27,qwen,mixed_ua_v1,64,1,unknown_early,mixed_ua_v1|unknown_early,full_suite,superseded,code,latency_p50_ms,binary_exec,4097.5,,,,,8,results/week_2_v1_and_external/scores_mixed_ua_v1.json,Unpinned decoding.
week_2_v1_and_external,2026-07-27,qwen,mixed_ua_v1,64,1,unknown_early,mixed_ua_v1|unknown_early,full_suite,superseded,instruct,quality,binary_format,0.875,,0.625,1.0,bootstrap_items_percentile_95,8,results/week_2_v1_and_external/scores_mixed_ua_v1.json,Unpinned decoding.
week_2_v1_and_external,2026-07-27,qwen,mixed_ua_v1,64,1,unknown_early,mixed_ua_v1|unknown_early,full_suite,superseded,instruct,latency_p50_ms,binary_format,422.4,,,,,8,results/week_2_v1_and_external/scores_mixed_ua_v1.json,Unpinned decoding.
week_2_v1_and_external,2026-07-27,qwen,mixed_ua_v1,64,1,unknown_early,mixed_ua_v1|unknown_early,full_suite,superseded,knowledge,quality,binary_label,0.4531,,0.2812,0.625,bootstrap_items_percentile_95,32,results/week_2_v1_and_external/scores_mixed_ua_v1.json,Unpinned decoding.
week_2_v1_and_external,2026-07-27,qwen,mixed_ua_v1,64,1,unknown_early,mixed_ua_v1|unknown_early,full_suite,superseded,knowledge,latency_p50_ms,binary_label,173.0,,,,,32,results/week_2_v1_and_external/scores_mixed_ua_v1.json,Unpinned decoding.
week_2_v1_and_external,2026-07-27,qwen,mixed_ua_v1,64,1,unknown_early,mixed_ua_v1|unknown_early,full_suite,superseded,translate,quality,continuous_chrf,0.6865,,0.6176,0.76,bootstrap_items_percentile_95,8,results/week_2_v1_and_external/scores_mixed_ua_v1.json,Unpinned decoding.
week_2_v1_and_external,2026-07-27,qwen,mixed_ua_v1,64,1,unknown_early,mixed_ua_v1|unknown_early,full_suite,superseded,translate,latency_p50_ms,continuous_chrf,336.8,,,,,8,results/week_2_v1_and_external/scores_mixed_ua_v1.json,Unpinned decoding.
week_2_v1_and_external,2026-07-27,router_small,mixed_ua_v1,64,1,unknown_early,mixed_ua_v1|unknown_early,full_suite,superseded,overall,overall_micro,,0.6459,,0.5323,0.7595,bootstrap_items_percentile_95,64,results/week_2_v1_and_external/scores_mixed_ua_v1.json,Unpinned decoding.
week_2_v1_and_external,2026-07-27,router_small,mixed_ua_v1,64,1,unknown_early,mixed_ua_v1|unknown_early,full_suite,superseded,overall,latency_p50_ms,,1495.5,,,,,64,results/week_2_v1_and_external/scores_mixed_ua_v1.json,Unpinned decoding.
week_2_v1_and_external,2026-07-27,router_small,mixed_ua_v1,64,1,unknown_early,mixed_ua_v1|unknown_early,full_suite,superseded,overall,latency_avg_ms,,3029.0,,,,,64,results/week_2_v1_and_external/scores_mixed_ua_v1.json,Unpinned decoding.
week_2_v1_and_external,2026-07-27,router_small,mixed_ua_v1,64,1,unknown_early,mixed_ua_v1|unknown_early,full_suite,superseded,chat,quality,ordinal_quarter,1.0,,1.0,1.0,bootstrap_items_percentile_95,8,results/week_2_v1_and_external/scores_mixed_ua_v1.json,Unpinned decoding.
week_2_v1_and_external,2026-07-27,router_small,mixed_ua_v1,64,1,unknown_early,mixed_ua_v1|unknown_early,full_suite,superseded,chat,latency_p50_ms,ordinal_quarter,3408.4,,,,,8,results/week_2_v1_and_external/scores_mixed_ua_v1.json,Unpinned decoding.
week_2_v1_and_external,2026-07-27,router_small,mixed_ua_v1,64,1,unknown_early,mixed_ua_v1|unknown_early,full_suite,superseded,code,quality,binary_exec,0.875,,0.625,1.0,bootstrap_items_percentile_95,8,results/week_2_v1_and_external/scores_mixed_ua_v1.json,Unpinned decoding.
week_2_v1_and_external,2026-07-27,router_small,mixed_ua_v1,64,1,unknown_early,mixed_ua_v1|unknown_early,full_suite,superseded,code,latency_p50_ms,binary_exec,3854.7,,,,,8,results/week_2_v1_and_external/scores_mixed_ua_v1.json,Unpinned decoding.
week_2_v1_and_external,2026-07-27,router_small,mixed_ua_v1,64,1,unknown_early,mixed_ua_v1|unknown_early,full_suite,superseded,instruct,quality,binary_format,0.875,,0.625,1.0,bootstrap_items_percentile_95,8,results/week_2_v1_and_external/scores_mixed_ua_v1.json,Unpinned decoding.
week_2_v1_and_external,2026-07-27,router_small,mixed_ua_v1,64,1,unknown_early,mixed_ua_v1|unknown_early,full_suite,superseded,instruct,latency_p50_ms,binary_format,1274.5,,,,,8,results/week_2_v1_and_external/scores_mixed_ua_v1.json,Unpinned decoding.
week_2_v1_and_external,2026-07-27,router_small,mixed_ua_v1,64,1,unknown_early,mixed_ua_v1|unknown_early,full_suite,superseded,knowledge,quality,binary_label,0.4375,,0.2812,0.625,bootstrap_items_percentile_95,32,results/week_2_v1_and_external/scores_mixed_ua_v1.json,Unpinned decoding.
week_2_v1_and_external,2026-07-27,router_small,mixed_ua_v1,64,1,unknown_early,mixed_ua_v1|unknown_early,full_suite,superseded,knowledge,latency_p50_ms,binary_label,834.6,,,,,32,results/week_2_v1_and_external/scores_mixed_ua_v1.json,Unpinned decoding.
week_2_v1_and_external,2026-07-27,router_small,mixed_ua_v1,64,1,unknown_early,mixed_ua_v1|unknown_early,full_suite,superseded,translate,quality,continuous_chrf,0.6673,,0.4518,0.8675,bootstrap_items_percentile_95,8,results/week_2_v1_and_external/scores_mixed_ua_v1.json,Unpinned decoding.
week_2_v1_and_external,2026-07-27,router_small,mixed_ua_v1,64,1,unknown_early,mixed_ua_v1|unknown_early,full_suite,superseded,translate,latency_p50_ms,continuous_chrf,1093.9,,,,,8,results/week_2_v1_and_external/scores_mixed_ua_v1.json,Unpinned decoding.
week_3_v2_and_pinned_v3,2026-07-28,mamay12,mixed_ua_v2,160,1,unknown_early,mixed_ua_v2|unknown_early,full_suite,superseded,overall,overall_micro,,0.7744,,0.7191,0.8288,bootstrap_items_percentile_95,160,results/week_3_v2_and_pinned_v3/scores_mixed_ua_v2.json,Unpinned decoding.
week_3_v2_and_pinned_v3,2026-07-28,mamay12,mixed_ua_v2,160,1,unknown_early,mixed_ua_v2|unknown_early,full_suite,superseded,overall,latency_p50_ms,,921.5,,,,,160,results/week_3_v2_and_pinned_v3/scores_mixed_ua_v2.json,Unpinned decoding.
week_3_v2_and_pinned_v3,2026-07-28,mamay12,mixed_ua_v2,160,1,unknown_early,mixed_ua_v2|unknown_early,full_suite,superseded,overall,latency_avg_ms,,1467.3,,,,,160,results/week_3_v2_and_pinned_v3/scores_mixed_ua_v2.json,Unpinned decoding.
week_3_v2_and_pinned_v3,2026-07-28,mamay12,mixed_ua_v2,160,1,unknown_early,mixed_ua_v2|unknown_early,full_suite,superseded,overall,overall_macro,,0.8398,,,,,160,results/week_3_v2_and_pinned_v3/scores_mixed_ua_v2.json,Unpinned decoding.
week_3_v2_and_pinned_v3,2026-07-28,mamay12,mixed_ua_v2,160,1,unknown_early,mixed_ua_v2|unknown_early,full_suite,superseded,overall,gpu_seconds_per_prompt,,1.4673,,,,,160,results/week_3_v2_and_pinned_v3/scores_mixed_ua_v2.json,Unpinned decoding.
week_3_v2_and_pinned_v3,2026-07-28,mamay12,mixed_ua_v2,160,1,unknown_early,mixed_ua_v2|unknown_early,full_suite,superseded,alignment,quality,binary_label,0.75,,0.625,0.875,bootstrap_items_percentile_95,48,results/week_3_v2_and_pinned_v3/scores_mixed_ua_v2.json,Unpinned decoding.
week_3_v2_and_pinned_v3,2026-07-28,mamay12,mixed_ua_v2,160,1,unknown_early,mixed_ua_v2|unknown_early,full_suite,superseded,alignment,latency_p50_ms,binary_label,187.1,,,,,48,results/week_3_v2_and_pinned_v3/scores_mixed_ua_v2.json,Unpinned decoding.
week_3_v2_and_pinned_v3,2026-07-28,mamay12,mixed_ua_v2,160,1,unknown_early,mixed_ua_v2|unknown_early,full_suite,superseded,chat,quality,ordinal_quarter,1.0,,1.0,1.0,bootstrap_items_percentile_95,8,results/week_3_v2_and_pinned_v3/scores_mixed_ua_v2.json,Unpinned decoding.
week_3_v2_and_pinned_v3,2026-07-28,mamay12,mixed_ua_v2,160,1,unknown_early,mixed_ua_v2|unknown_early,full_suite,superseded,chat,latency_p50_ms,ordinal_quarter,4943.7,,,,,8,results/week_3_v2_and_pinned_v3/scores_mixed_ua_v2.json,Unpinned decoding.
week_3_v2_and_pinned_v3,2026-07-28,mamay12,mixed_ua_v2,160,1,unknown_early,mixed_ua_v2|unknown_early,full_suite,superseded,code,quality,binary_exec,1.0,,1.0,1.0,bootstrap_items_percentile_95,8,results/week_3_v2_and_pinned_v3/scores_mixed_ua_v2.json,Unpinned decoding.
week_3_v2_and_pinned_v3,2026-07-28,mamay12,mixed_ua_v2,160,1,unknown_early,mixed_ua_v2|unknown_early,full_suite,superseded,code,latency_p50_ms,binary_exec,1903.7,,,,,8,results/week_3_v2_and_pinned_v3/scores_mixed_ua_v2.json,Unpinned decoding.
week_3_v2_and_pinned_v3,2026-07-28,mamay12,mixed_ua_v2,160,1,unknown_early,mixed_ua_v2|unknown_early,full_suite,superseded,instruct,quality,binary_format,0.875,,0.625,1.0,bootstrap_items_percentile_95,8,results/week_3_v2_and_pinned_v3/scores_mixed_ua_v2.json,Unpinned decoding.
week_3_v2_and_pinned_v3,2026-07-28,mamay12,mixed_ua_v2,160,1,unknown_early,mixed_ua_v2|unknown_early,full_suite,superseded,instruct,latency_p50_ms,binary_format,1528.9,,,,,8,results/week_3_v2_and_pinned_v3/scores_mixed_ua_v2.json,Unpinned decoding.
week_3_v2_and_pinned_v3,2026-07-28,mamay12,mixed_ua_v2,160,1,unknown_early,mixed_ua_v2|unknown_early,full_suite,superseded,knowledge,quality,binary_label,0.5938,,0.4062,0.75,bootstrap_items_percentile_95,32,results/week_3_v2_and_pinned_v3/scores_mixed_ua_v2.json,Unpinned decoding.
week_3_v2_and_pinned_v3,2026-07-28,mamay12,mixed_ua_v2,160,1,unknown_early,mixed_ua_v2|unknown_early,full_suite,superseded,knowledge,latency_p50_ms,binary_label,613.9,,,,,32,results/week_3_v2_and_pinned_v3/scores_mixed_ua_v2.json,Unpinned decoding.
week_3_v2_and_pinned_v3,2026-07-28,mamay12,mixed_ua_v2,160,1,unknown_early,mixed_ua_v2|unknown_early,full_suite,superseded,translate,quality,continuous_chrf,0.8198,,0.7957,0.8435,bootstrap_items_percentile_95,56,results/week_3_v2_and_pinned_v3/scores_mixed_ua_v2.json,Unpinned decoding.
week_3_v2_and_pinned_v3,2026-07-28,mamay12,mixed_ua_v2,160,1,unknown_early,mixed_ua_v2|unknown_early,full_suite,superseded,translate,latency_p50_ms,continuous_chrf,1901.2,,,,,56,results/week_3_v2_and_pinned_v3/scores_mixed_ua_v2.json,Unpinned decoding.
week_3_v2_and_pinned_v3,2026-07-28,mamay4,mixed_ua_v2,160,1,unknown_early,mixed_ua_v2|unknown_early,full_suite,superseded,overall,overall_micro,,0.7281,,0.6678,0.7853,bootstrap_items_percentile_95,160,results/week_3_v2_and_pinned_v3/scores_mixed_ua_v2.json,Unpinned decoding.
week_3_v2_and_pinned_v3,2026-07-28,mamay4,mixed_ua_v2,160,1,unknown_early,mixed_ua_v2|unknown_early,full_suite,superseded,overall,latency_p50_ms,,916.5,,,,,160,results/week_3_v2_and_pinned_v3/scores_mixed_ua_v2.json,Unpinned decoding.
week_3_v2_and_pinned_v3,2026-07-28,mamay4,mixed_ua_v2,160,1,unknown_early,mixed_ua_v2|unknown_early,full_suite,superseded,overall,latency_avg_ms,,1555.5,,,,,160,results/week_3_v2_and_pinned_v3/scores_mixed_ua_v2.json,Unpinned decoding.
week_3_v2_and_pinned_v3,2026-07-28,mamay4,mixed_ua_v2,160,1,unknown_early,mixed_ua_v2|unknown_early,full_suite,superseded,overall,overall_macro,,0.8117,,,,,160,results/week_3_v2_and_pinned_v3/scores_mixed_ua_v2.json,Unpinned decoding.
week_3_v2_and_pinned_v3,2026-07-28,mamay4,mixed_ua_v2,160,1,unknown_early,mixed_ua_v2|unknown_early,full_suite,superseded,overall,gpu_seconds_per_prompt,,1.5555,,,,,160,results/week_3_v2_and_pinned_v3/scores_mixed_ua_v2.json,Unpinned decoding.
week_3_v2_and_pinned_v3,2026-07-28,mamay4,mixed_ua_v2,160,1,unknown_early,mixed_ua_v2|unknown_early,full_suite,superseded,alignment,quality,binary_label,0.6875,,0.5417,0.8125,bootstrap_items_percentile_95,48,results/week_3_v2_and_pinned_v3/scores_mixed_ua_v2.json,Unpinned decoding.
week_3_v2_and_pinned_v3,2026-07-28,mamay4,mixed_ua_v2,160,1,unknown_early,mixed_ua_v2|unknown_early,full_suite,superseded,alignment,latency_p50_ms,binary_label,136.3,,,,,48,results/week_3_v2_and_pinned_v3/scores_mixed_ua_v2.json,Unpinned decoding.
week_3_v2_and_pinned_v3,2026-07-28,mamay4,mixed_ua_v2,160,1,unknown_early,mixed_ua_v2|unknown_early,full_suite,superseded,chat,quality,ordinal_quarter,1.0,,1.0,1.0,bootstrap_items_percentile_95,8,results/week_3_v2_and_pinned_v3/scores_mixed_ua_v2.json,Unpinned decoding.
week_3_v2_and_pinned_v3,2026-07-28,mamay4,mixed_ua_v2,160,1,unknown_early,mixed_ua_v2|unknown_early,full_suite,superseded,chat,latency_p50_ms,ordinal_quarter,3191.0,,,,,8,results/week_3_v2_and_pinned_v3/scores_mixed_ua_v2.json,Unpinned decoding.
week_3_v2_and_pinned_v3,2026-07-28,mamay4,mixed_ua_v2,160,1,unknown_early,mixed_ua_v2|unknown_early,full_suite,superseded,code,quality,binary_exec,1.0,,1.0,1.0,bootstrap_items_percentile_95,8,results/week_3_v2_and_pinned_v3/scores_mixed_ua_v2.json,Unpinned decoding.
week_3_v2_and_pinned_v3,2026-07-28,mamay4,mixed_ua_v2,160,1,unknown_early,mixed_ua_v2|unknown_early,full_suite,superseded,code,latency_p50_ms,binary_exec,2436.1,,,,,8,results/week_3_v2_and_pinned_v3/scores_mixed_ua_v2.json,Unpinned decoding.
week_3_v2_and_pinned_v3,2026-07-28,mamay4,mixed_ua_v2,160,1,unknown_early,mixed_ua_v2|unknown_early,full_suite,superseded,instruct,quality,binary_format,0.875,,0.625,1.0,bootstrap_items_percentile_95,8,results/week_3_v2_and_pinned_v3/scores_mixed_ua_v2.json,Unpinned decoding.
week_3_v2_and_pinned_v3,2026-07-28,mamay4,mixed_ua_v2,160,1,unknown_early,mixed_ua_v2|unknown_early,full_suite,superseded,instruct,latency_p50_ms,binary_format,1275.6,,,,,8,results/week_3_v2_and_pinned_v3/scores_mixed_ua_v2.json,Unpinned decoding.
week_3_v2_and_pinned_v3,2026-07-28,mamay4,mixed_ua_v2,160,1,unknown_early,mixed_ua_v2|unknown_early,full_suite,superseded,knowledge,quality,binary_label,0.5312,,0.375,0.6875,bootstrap_items_percentile_95,32,results/week_3_v2_and_pinned_v3/scores_mixed_ua_v2.json,Unpinned decoding.
week_3_v2_and_pinned_v3,2026-07-28,mamay4,mixed_ua_v2,160,1,unknown_early,mixed_ua_v2|unknown_early,full_suite,superseded,knowledge,latency_p50_ms,binary_label,830.3,,,,,32,results/week_3_v2_and_pinned_v3/scores_mixed_ua_v2.json,Unpinned decoding.
week_3_v2_and_pinned_v3,2026-07-28,mamay4,mixed_ua_v2,160,1,unknown_early,mixed_ua_v2|unknown_early,full_suite,superseded,translate,quality,continuous_chrf,0.7767,,0.7327,0.8144,bootstrap_items_percentile_95,56,results/week_3_v2_and_pinned_v3/scores_mixed_ua_v2.json,Unpinned decoding.
week_3_v2_and_pinned_v3,2026-07-28,mamay4,mixed_ua_v2,160,1,unknown_early,mixed_ua_v2|unknown_early,full_suite,superseded,translate,latency_p50_ms,continuous_chrf,1442.6,,,,,56,results/week_3_v2_and_pinned_v3/scores_mixed_ua_v2.json,Unpinned decoding.
week_3_v2_and_pinned_v3,2026-07-28,qwen,mixed_ua_v2,160,1,unknown_early,mixed_ua_v2|unknown_early,full_suite,superseded,overall,overall_micro,,0.6659,,0.6052,0.7269,bootstrap_items_percentile_95,160,results/week_3_v2_and_pinned_v3/scores_mixed_ua_v2.json,Unpinned decoding.
week_3_v2_and_pinned_v3,2026-07-28,qwen,mixed_ua_v2,160,1,unknown_early,mixed_ua_v2|unknown_early,full_suite,superseded,overall,latency_p50_ms,,304.7,,,,,160,results/week_3_v2_and_pinned_v3/scores_mixed_ua_v2.json,Unpinned decoding.
week_3_v2_and_pinned_v3,2026-07-28,qwen,mixed_ua_v2,160,1,unknown_early,mixed_ua_v2|unknown_early,full_suite,superseded,overall,latency_avg_ms,,732.1,,,,,160,results/week_3_v2_and_pinned_v3/scores_mixed_ua_v2.json,Unpinned decoding.
week_3_v2_and_pinned_v3,2026-07-28,qwen,mixed_ua_v2,160,1,unknown_early,mixed_ua_v2|unknown_early,full_suite,superseded,overall,overall_macro,,0.7582,,,,,160,results/week_3_v2_and_pinned_v3/scores_mixed_ua_v2.json,Unpinned decoding.
week_3_v2_and_pinned_v3,2026-07-28,qwen,mixed_ua_v2,160,1,unknown_early,mixed_ua_v2|unknown_early,full_suite,superseded,overall,gpu_seconds_per_prompt,,0.7321,,,,,160,results/week_3_v2_and_pinned_v3/scores_mixed_ua_v2.json,Unpinned decoding.
week_3_v2_and_pinned_v3,2026-07-28,qwen,mixed_ua_v2,160,1,unknown_early,mixed_ua_v2|unknown_early,full_suite,superseded,alignment,quality,binary_label,0.6667,,0.5208,0.7917,bootstrap_items_percentile_95,48,results/week_3_v2_and_pinned_v3/scores_mixed_ua_v2.json,Unpinned decoding.
week_3_v2_and_pinned_v3,2026-07-28,qwen,mixed_ua_v2,160,1,unknown_early,mixed_ua_v2|unknown_early,full_suite,superseded,alignment,latency_p50_ms,binary_label,54.2,,,,,48,results/week_3_v2_and_pinned_v3/scores_mixed_ua_v2.json,Unpinned decoding.
week_3_v2_and_pinned_v3,2026-07-28,qwen,mixed_ua_v2,160,1,unknown_early,mixed_ua_v2|unknown_early,full_suite,superseded,chat,quality,ordinal_quarter,1.0,,1.0,1.0,bootstrap_items_percentile_95,8,results/week_3_v2_and_pinned_v3/scores_mixed_ua_v2.json,Unpinned decoding.
week_3_v2_and_pinned_v3,2026-07-28,qwen,mixed_ua_v2,160,1,unknown_early,mixed_ua_v2|unknown_early,full_suite,superseded,chat,latency_p50_ms,ordinal_quarter,1637.9,,,,,8,results/week_3_v2_and_pinned_v3/scores_mixed_ua_v2.json,Unpinned decoding.
week_3_v2_and_pinned_v3,2026-07-28,qwen,mixed_ua_v2,160,1,unknown_early,mixed_ua_v2|unknown_early,full_suite,superseded,code,quality,binary_exec,0.875,,0.625,1.0,bootstrap_items_percentile_95,8,results/week_3_v2_and_pinned_v3/scores_mixed_ua_v2.json,Unpinned decoding.
week_3_v2_and_pinned_v3,2026-07-28,qwen,mixed_ua_v2,160,1,unknown_early,mixed_ua_v2|unknown_early,full_suite,superseded,code,latency_p50_ms,binary_exec,4097.5,,,,,8,results/week_3_v2_and_pinned_v3/scores_mixed_ua_v2.json,Unpinned decoding.
week_3_v2_and_pinned_v3,2026-07-28,qwen,mixed_ua_v2,160,1,unknown_early,mixed_ua_v2|unknown_early,full_suite,superseded,instruct,quality,binary_format,0.875,,0.625,1.0,bootstrap_items_percentile_95,8,results/week_3_v2_and_pinned_v3/scores_mixed_ua_v2.json,Unpinned decoding.
week_3_v2_and_pinned_v3,2026-07-28,qwen,mixed_ua_v2,160,1,unknown_early,mixed_ua_v2|unknown_early,full_suite,superseded,instruct,latency_p50_ms,binary_format,422.4,,,,,8,results/week_3_v2_and_pinned_v3/scores_mixed_ua_v2.json,Unpinned decoding.
week_3_v2_and_pinned_v3,2026-07-28,qwen,mixed_ua_v2,160,1,unknown_early,mixed_ua_v2|unknown_early,full_suite,superseded,knowledge,quality,binary_label,0.4531,,0.2812,0.625,bootstrap_items_percentile_95,32,results/week_3_v2_and_pinned_v3/scores_mixed_ua_v2.json,Unpinned decoding.
week_3_v2_and_pinned_v3,2026-07-28,qwen,mixed_ua_v2,160,1,unknown_early,mixed_ua_v2|unknown_early,full_suite,superseded,knowledge,latency_p50_ms,binary_label,173.0,,,,,32,results/week_3_v2_and_pinned_v3/scores_mixed_ua_v2.json,Unpinned decoding.
week_3_v2_and_pinned_v3,2026-07-28,qwen,mixed_ua_v2,160,1,unknown_early,mixed_ua_v2|unknown_early,full_suite,superseded,translate,quality,continuous_chrf,0.6792,,0.6352,0.7177,bootstrap_items_percentile_95,56,results/week_3_v2_and_pinned_v3/scores_mixed_ua_v2.json,Unpinned decoding.
week_3_v2_and_pinned_v3,2026-07-28,qwen,mixed_ua_v2,160,1,unknown_early,mixed_ua_v2|unknown_early,full_suite,superseded,translate,latency_p50_ms,continuous_chrf,589.8,,,,,56,results/week_3_v2_and_pinned_v3/scores_mixed_ua_v2.json,Unpinned decoding.
week_3_v2_and_pinned_v3,2026-07-28,router_small,mixed_ua_v2,160,1,unknown_early,mixed_ua_v2|unknown_early,full_suite,superseded,overall,overall_micro,,0.6918,,0.6294,0.7525,bootstrap_items_percentile_95,160,results/week_3_v2_and_pinned_v3/scores_mixed_ua_v2.json,Unpinned decoding.
week_3_v2_and_pinned_v3,2026-07-28,router_small,mixed_ua_v2,160,1,unknown_early,mixed_ua_v2|unknown_early,full_suite,superseded,overall,latency_p50_ms,,966.8,,,,,160,results/week_3_v2_and_pinned_v3/scores_mixed_ua_v2.json,Unpinned decoding.
week_3_v2_and_pinned_v3,2026-07-28,router_small,mixed_ua_v2,160,1,unknown_early,mixed_ua_v2|unknown_early,full_suite,superseded,overall,latency_avg_ms,,1697.5,,,,,160,results/week_3_v2_and_pinned_v3/scores_mixed_ua_v2.json,Unpinned decoding.
week_3_v2_and_pinned_v3,2026-07-28,router_small,mixed_ua_v2,160,1,unknown_early,mixed_ua_v2|unknown_early,full_suite,superseded,overall,overall_macro,,0.7689,,,,,160,results/week_3_v2_and_pinned_v3/scores_mixed_ua_v2.json,Unpinned decoding.
week_3_v2_and_pinned_v3,2026-07-28,router_small,mixed_ua_v2,160,1,unknown_early,mixed_ua_v2|unknown_early,full_suite,superseded,overall,gpu_seconds_per_prompt,,1.6975,,,,,160,results/week_3_v2_and_pinned_v3/scores_mixed_ua_v2.json,Unpinned decoding.
week_3_v2_and_pinned_v3,2026-07-28,router_small,mixed_ua_v2,160,1,unknown_early,mixed_ua_v2|unknown_early,full_suite,superseded,alignment,quality,binary_label,0.6458,,0.5,0.7708,bootstrap_items_percentile_95,48,results/week_3_v2_and_pinned_v3/scores_mixed_ua_v2.json,Unpinned decoding.
week_3_v2_and_pinned_v3,2026-07-28,router_small,mixed_ua_v2,160,1,unknown_early,mixed_ua_v2|unknown_early,full_suite,superseded,alignment,latency_p50_ms,binary_label,135.3,,,,,48,results/week_3_v2_and_pinned_v3/scores_mixed_ua_v2.json,Unpinned decoding.
week_3_v2_and_pinned_v3,2026-07-28,router_small,mixed_ua_v2,160,1,unknown_early,mixed_ua_v2|unknown_early,full_suite,superseded,chat,quality,ordinal_quarter,1.0,,1.0,1.0,bootstrap_items_percentile_95,8,results/week_3_v2_and_pinned_v3/scores_mixed_ua_v2.json,Unpinned decoding.
week_3_v2_and_pinned_v3,2026-07-28,router_small,mixed_ua_v2,160,1,unknown_early,mixed_ua_v2|unknown_early,full_suite,superseded,chat,latency_p50_ms,ordinal_quarter,3408.4,,,,,8,results/week_3_v2_and_pinned_v3/scores_mixed_ua_v2.json,Unpinned decoding.
week_3_v2_and_pinned_v3,2026-07-28,router_small,mixed_ua_v2,160,1,unknown_early,mixed_ua_v2|unknown_early,full_suite,superseded,code,quality,binary_exec,0.875,,0.625,1.0,bootstrap_items_percentile_95,8,results/week_3_v2_and_pinned_v3/scores_mixed_ua_v2.json,Unpinned decoding.
week_3_v2_and_pinned_v3,2026-07-28,router_small,mixed_ua_v2,160,1,unknown_early,mixed_ua_v2|unknown_early,full_suite,superseded,code,latency_p50_ms,binary_exec,3854.7,,,,,8,results/week_3_v2_and_pinned_v3/scores_mixed_ua_v2.json,Unpinned decoding.
week_3_v2_and_pinned_v3,2026-07-28,router_small,mixed_ua_v2,160,1,unknown_early,mixed_ua_v2|unknown_early,full_suite,superseded,instruct,quality,binary_format,0.875,,0.625,1.0,bootstrap_items_percentile_95,8,results/week_3_v2_and_pinned_v3/scores_mixed_ua_v2.json,Unpinned decoding.
week_3_v2_and_pinned_v3,2026-07-28,router_small,mixed_ua_v2,160,1,unknown_early,mixed_ua_v2|unknown_early,full_suite,superseded,instruct,latency_p50_ms,binary_format,1274.5,,,,,8,results/week_3_v2_and_pinned_v3/scores_mixed_ua_v2.json,Unpinned decoding.
week_3_v2_and_pinned_v3,2026-07-28,router_small,mixed_ua_v2,160,1,unknown_early,mixed_ua_v2|unknown_early,full_suite,superseded,knowledge,quality,binary_label,0.4375,,0.2812,0.625,bootstrap_items_percentile_95,32,results/week_3_v2_and_pinned_v3/scores_mixed_ua_v2.json,Unpinned decoding.
week_3_v2_and_pinned_v3,2026-07-28,router_small,mixed_ua_v2,160,1,unknown_early,mixed_ua_v2|unknown_early,full_suite,superseded,knowledge,latency_p50_ms,binary_label,834.6,,,,,32,results/week_3_v2_and_pinned_v3/scores_mixed_ua_v2.json,Unpinned decoding.
week_3_v2_and_pinned_v3,2026-07-28,router_small,mixed_ua_v2,160,1,unknown_early,mixed_ua_v2|unknown_early,full_suite,superseded,translate,quality,continuous_chrf,0.7801,,0.7386,0.8159,bootstrap_items_percentile_95,56,results/week_3_v2_and_pinned_v3/scores_mixed_ua_v2.json,Unpinned decoding.
week_3_v2_and_pinned_v3,2026-07-28,router_small,mixed_ua_v2,160,1,unknown_early,mixed_ua_v2|unknown_early,full_suite,superseded,translate,latency_p50_ms,continuous_chrf,1464.6,,,,,56,results/week_3_v2_and_pinned_v3/scores_mixed_ua_v2.json,Unpinned decoding.
week_3_v2_and_pinned_v3,2026-07-29,mamay4,mixed_ua_v2,160,1,unknown_early,mixed_ua_v2|unknown_early,full_suite,superseded,overall,overall_micro,,0.7228,,0.6638,0.7806,bootstrap_items_percentile_95,160,results/week_3_v2_and_pinned_v3/scores_mamay4_t0.json,"First pinned run (T=0, seed=42); single system."
week_3_v2_and_pinned_v3,2026-07-29,mamay4,mixed_ua_v2,160,1,unknown_early,mixed_ua_v2|unknown_early,full_suite,superseded,overall,latency_p50_ms,,933.6,,,,,160,results/week_3_v2_and_pinned_v3/scores_mamay4_t0.json,"First pinned run (T=0, seed=42); single system."
week_3_v2_and_pinned_v3,2026-07-29,mamay4,mixed_ua_v2,160,1,unknown_early,mixed_ua_v2|unknown_early,full_suite,superseded,overall,latency_avg_ms,,1591.2,,,,,160,results/week_3_v2_and_pinned_v3/scores_mamay4_t0.json,"First pinned run (T=0, seed=42); single system."
week_3_v2_and_pinned_v3,2026-07-29,mamay4,mixed_ua_v2,160,1,unknown_early,mixed_ua_v2|unknown_early,full_suite,superseded,overall,overall_macro,,0.807,,,,,160,results/week_3_v2_and_pinned_v3/scores_mamay4_t0.json,"First pinned run (T=0, seed=42); single system."
week_3_v2_and_pinned_v3,2026-07-29,mamay4,mixed_ua_v2,160,1,unknown_early,mixed_ua_v2|unknown_early,full_suite,superseded,overall,gpu_seconds_per_prompt,,1.5912,,,,,160,results/week_3_v2_and_pinned_v3/scores_mamay4_t0.json,"First pinned run (T=0, seed=42); single system."
week_3_v2_and_pinned_v3,2026-07-29,mamay4,mixed_ua_v2,160,1,unknown_early,mixed_ua_v2|unknown_early,full_suite,superseded,alignment,quality,binary_label,0.6875,,0.5625,0.8125,bootstrap_items_percentile_95,48,results/week_3_v2_and_pinned_v3/scores_mamay4_t0.json,"First pinned run (T=0, seed=42); single system."
week_3_v2_and_pinned_v3,2026-07-29,mamay4,mixed_ua_v2,160,1,unknown_early,mixed_ua_v2|unknown_early,full_suite,superseded,alignment,latency_p50_ms,binary_label,134.4,,,,,48,results/week_3_v2_and_pinned_v3/scores_mamay4_t0.json,"First pinned run (T=0, seed=42); single system."
week_3_v2_and_pinned_v3,2026-07-29,mamay4,mixed_ua_v2,160,1,unknown_early,mixed_ua_v2|unknown_early,full_suite,superseded,chat,quality,ordinal_quarter,1.0,,1.0,1.0,bootstrap_items_percentile_95,8,results/week_3_v2_and_pinned_v3/scores_mamay4_t0.json,"First pinned run (T=0, seed=42); single system."
week_3_v2_and_pinned_v3,2026-07-29,mamay4,mixed_ua_v2,160,1,unknown_early,mixed_ua_v2|unknown_early,full_suite,superseded,chat,latency_p50_ms,ordinal_quarter,3319.2,,,,,8,results/week_3_v2_and_pinned_v3/scores_mamay4_t0.json,"First pinned run (T=0, seed=42); single system."
week_3_v2_and_pinned_v3,2026-07-29,mamay4,mixed_ua_v2,160,1,unknown_early,mixed_ua_v2|unknown_early,full_suite,superseded,code,quality,binary_exec,1.0,,1.0,1.0,bootstrap_items_percentile_95,8,results/week_3_v2_and_pinned_v3/scores_mamay4_t0.json,"First pinned run (T=0, seed=42); single system."
week_3_v2_and_pinned_v3,2026-07-29,mamay4,mixed_ua_v2,160,1,unknown_early,mixed_ua_v2|unknown_early,full_suite,superseded,code,latency_p50_ms,binary_exec,2504.1,,,,,8,results/week_3_v2_and_pinned_v3/scores_mamay4_t0.json,"First pinned run (T=0, seed=42); single system."
week_3_v2_and_pinned_v3,2026-07-29,mamay4,mixed_ua_v2,160,1,unknown_early,mixed_ua_v2|unknown_early,full_suite,superseded,instruct,quality,binary_format,0.875,,0.625,1.0,bootstrap_items_percentile_95,8,results/week_3_v2_and_pinned_v3/scores_mamay4_t0.json,"First pinned run (T=0, seed=42); single system."
week_3_v2_and_pinned_v3,2026-07-29,mamay4,mixed_ua_v2,160,1,unknown_early,mixed_ua_v2|unknown_early,full_suite,superseded,instruct,latency_p50_ms,binary_format,1282.9,,,,,8,results/week_3_v2_and_pinned_v3/scores_mamay4_t0.json,"First pinned run (T=0, seed=42); single system."
week_3_v2_and_pinned_v3,2026-07-29,mamay4,mixed_ua_v2,160,1,unknown_early,mixed_ua_v2|unknown_early,full_suite,superseded,knowledge,quality,binary_label,0.5,,0.3438,0.6875,bootstrap_items_percentile_95,32,results/week_3_v2_and_pinned_v3/scores_mamay4_t0.json,"First pinned run (T=0, seed=42); single system."
week_3_v2_and_pinned_v3,2026-07-29,mamay4,mixed_ua_v2,160,1,unknown_early,mixed_ua_v2|unknown_early,full_suite,superseded,knowledge,latency_p50_ms,binary_label,833.9,,,,,32,results/week_3_v2_and_pinned_v3/scores_mamay4_t0.json,"First pinned run (T=0, seed=42); single system."
week_3_v2_and_pinned_v3,2026-07-29,mamay4,mixed_ua_v2,160,1,unknown_early,mixed_ua_v2|unknown_early,full_suite,superseded,translate,quality,continuous_chrf,0.7793,,0.7369,0.816,bootstrap_items_percentile_95,56,results/week_3_v2_and_pinned_v3/scores_mamay4_t0.json,"First pinned run (T=0, seed=42); single system."
week_3_v2_and_pinned_v3,2026-07-29,mamay4,mixed_ua_v2,160,1,unknown_early,mixed_ua_v2|unknown_early,full_suite,superseded,translate,latency_p50_ms,continuous_chrf,1450.2,,,,,56,results/week_3_v2_and_pinned_v3/scores_mamay4_t0.json,"First pinned run (T=0, seed=42); single system."
week_4_specialist_bakeoff,2026-08-03,lapa,mixed_ua_v3,182,3,pre_2026_08_08,mixed_ua_v3|pre_2026_08_08,full_suite,confirmed,overall,overall_micro,,0.789,0.0006,,,,182,results/week_4_specialist_bakeoff/scores_mean_sd_bakeoff.json,"Authoritative v3 bake-off. Superset of scores_mean_sd_v3.json. No per-item detail kept, so no bootstrap CI is possible."
week_4_specialist_bakeoff,2026-08-03,lapa,mixed_ua_v3,182,3,pre_2026_08_08,mixed_ua_v3|pre_2026_08_08,full_suite,confirmed,overall,overall_macro,,0.8314,0.0003,,,,182,results/week_4_specialist_bakeoff/scores_mean_sd_bakeoff.json,"Authoritative v3 bake-off. Superset of scores_mean_sd_v3.json. No per-item detail kept, so no bootstrap CI is possible."
week_4_specialist_bakeoff,2026-08-03,lapa,mixed_ua_v3,182,3,pre_2026_08_08,mixed_ua_v3|pre_2026_08_08,full_suite,confirmed,overall,latency_p50_ms,,1416.8,4.7571,,,,182,results/week_4_specialist_bakeoff/scores_mean_sd_bakeoff.json,"Authoritative v3 bake-off. Superset of scores_mean_sd_v3.json. No per-item detail kept, so no bootstrap CI is possible."
week_4_specialist_bakeoff,2026-08-03,lapa,mixed_ua_v3,182,3,pre_2026_08_08,mixed_ua_v3|pre_2026_08_08,full_suite,confirmed,overall,latency_avg_ms,,4250.9333,4.6608,,,,182,results/week_4_specialist_bakeoff/scores_mean_sd_bakeoff.json,"Authoritative v3 bake-off. Superset of scores_mean_sd_v3.json. No per-item detail kept, so no bootstrap CI is possible."
week_4_specialist_bakeoff,2026-08-03,lapa,mixed_ua_v3,182,3,pre_2026_08_08,mixed_ua_v3|pre_2026_08_08,full_suite,confirmed,alignment,latency_p50_ms,binary_label,188.6,0.1,,,,48,results/week_4_specialist_bakeoff/scores_mean_sd_bakeoff.json,"Authoritative v3 bake-off. Superset of scores_mean_sd_v3.json. No per-item detail kept, so no bootstrap CI is possible."
week_4_specialist_bakeoff,2026-08-03,lapa,mixed_ua_v3,182,3,pre_2026_08_08,mixed_ua_v3|pre_2026_08_08,full_suite,confirmed,alignment,quality,binary_label,0.8125,0.0,,,,48,results/week_4_specialist_bakeoff/scores_mean_sd_bakeoff.json,"Authoritative v3 bake-off. Superset of scores_mean_sd_v3.json. No per-item detail kept, so no bootstrap CI is possible."
week_4_specialist_bakeoff,2026-08-03,lapa,mixed_ua_v3,182,3,pre_2026_08_08,mixed_ua_v3|pre_2026_08_08,full_suite,confirmed,chat,latency_p50_ms,ordinal_quarter,5385.4333,2.797,,,,8,results/week_4_specialist_bakeoff/scores_mean_sd_bakeoff.json,"Authoritative v3 bake-off. Superset of scores_mean_sd_v3.json. No per-item detail kept, so no bootstrap CI is possible."
week_4_specialist_bakeoff,2026-08-03,lapa,mixed_ua_v3,182,3,pre_2026_08_08,mixed_ua_v3|pre_2026_08_08,full_suite,confirmed,chat,quality,ordinal_quarter,1.0,0.0,,,,8,results/week_4_specialist_bakeoff/scores_mean_sd_bakeoff.json,"Authoritative v3 bake-off. Superset of scores_mean_sd_v3.json. No per-item detail kept, so no bootstrap CI is possible."
week_4_specialist_bakeoff,2026-08-03,lapa,mixed_ua_v3,182,3,pre_2026_08_08,mixed_ua_v3|pre_2026_08_08,full_suite,confirmed,code,latency_p50_ms,binary_exec,15807.1667,59.6022,,,,30,results/week_4_specialist_bakeoff/scores_mean_sd_bakeoff.json,"Authoritative v3 bake-off. Superset of scores_mean_sd_v3.json. No per-item detail kept, so no bootstrap CI is possible."
week_4_specialist_bakeoff,2026-08-03,lapa,mixed_ua_v3,182,3,pre_2026_08_08,mixed_ua_v3|pre_2026_08_08,full_suite,confirmed,code,quality,binary_exec,0.9333,0.0,,,,30,results/week_4_specialist_bakeoff/scores_mean_sd_bakeoff.json,"Authoritative v3 bake-off. Superset of scores_mean_sd_v3.json. No per-item detail kept, so no bootstrap CI is possible."
week_4_specialist_bakeoff,2026-08-03,lapa,mixed_ua_v3,182,3,pre_2026_08_08,mixed_ua_v3|pre_2026_08_08,full_suite,confirmed,instruct,latency_p50_ms,binary_format,1235.7333,0.8963,,,,8,results/week_4_specialist_bakeoff/scores_mean_sd_bakeoff.json,"Authoritative v3 bake-off. Superset of scores_mean_sd_v3.json. No per-item detail kept, so no bootstrap CI is possible."
week_4_specialist_bakeoff,2026-08-03,lapa,mixed_ua_v3,182,3,pre_2026_08_08,mixed_ua_v3|pre_2026_08_08,full_suite,confirmed,instruct,quality,binary_format,0.875,0.0,,,,8,results/week_4_specialist_bakeoff/scores_mean_sd_bakeoff.json,"Authoritative v3 bake-off. Superset of scores_mean_sd_v3.json. No per-item detail kept, so no bootstrap CI is possible."
week_4_specialist_bakeoff,2026-08-03,lapa,mixed_ua_v3,182,3,pre_2026_08_08,mixed_ua_v3|pre_2026_08_08,full_suite,confirmed,knowledge,latency_p50_ms,binary_label,559.6667,0.9074,,,,32,results/week_4_specialist_bakeoff/scores_mean_sd_bakeoff.json,"Authoritative v3 bake-off. Superset of scores_mean_sd_v3.json. No per-item detail kept, so no bootstrap CI is possible."
week_4_specialist_bakeoff,2026-08-03,lapa,mixed_ua_v3,182,3,pre_2026_08_08,mixed_ua_v3|pre_2026_08_08,full_suite,confirmed,knowledge,quality,binary_label,0.625,0.0,,,,32,results/week_4_specialist_bakeoff/scores_mean_sd_bakeoff.json,"Authoritative v3 bake-off. Superset of scores_mean_sd_v3.json. No per-item detail kept, so no bootstrap CI is possible."
week_4_specialist_bakeoff,2026-08-03,lapa,mixed_ua_v3,182,3,pre_2026_08_08,mixed_ua_v3|pre_2026_08_08,full_suite,confirmed,translate,latency_p50_ms,continuous_chrf,1679.6333,9.3885,,,,56,results/week_4_specialist_bakeoff/scores_mean_sd_bakeoff.json,"Authoritative v3 bake-off. Superset of scores_mean_sd_v3.json. No per-item detail kept, so no bootstrap CI is possible."
week_4_specialist_bakeoff,2026-08-03,lapa,mixed_ua_v3,182,3,pre_2026_08_08,mixed_ua_v3|pre_2026_08_08,full_suite,confirmed,translate,quality,continuous_chrf,0.7429,0.002,,,,56,results/week_4_specialist_bakeoff/scores_mean_sd_bakeoff.json,"Authoritative v3 bake-off. Superset of scores_mean_sd_v3.json. No per-item detail kept, so no bootstrap CI is possible."
week_4_specialist_bakeoff,2026-08-03,mamay12,mixed_ua_v3,182,3,pre_2026_08_08,mixed_ua_v3|pre_2026_08_08,full_suite,confirmed,overall,overall_micro,,0.7928,0.0009,,,,182,results/week_4_specialist_bakeoff/scores_mean_sd_bakeoff.json,"Authoritative v3 bake-off. Superset of scores_mean_sd_v3.json. No per-item detail kept, so no bootstrap CI is possible."
week_4_specialist_bakeoff,2026-08-03,mamay12,mixed_ua_v3,182,3,pre_2026_08_08,mixed_ua_v3|pre_2026_08_08,full_suite,confirmed,overall,overall_macro,,0.8324,0.0005,,,,182,results/week_4_specialist_bakeoff/scores_mean_sd_bakeoff.json,"Authoritative v3 bake-off. Superset of scores_mean_sd_v3.json. No per-item detail kept, so no bootstrap CI is possible."
week_4_specialist_bakeoff,2026-08-03,mamay12,mixed_ua_v3,182,3,pre_2026_08_08,mixed_ua_v3|pre_2026_08_08,full_suite,confirmed,overall,latency_p50_ms,,1188.1667,5.0964,,,,182,results/week_4_specialist_bakeoff/scores_mean_sd_bakeoff.json,"Authoritative v3 bake-off. Superset of scores_mean_sd_v3.json. No per-item detail kept, so no bootstrap CI is possible."
week_4_specialist_bakeoff,2026-08-03,mamay12,mixed_ua_v3,182,3,pre_2026_08_08,mixed_ua_v3|pre_2026_08_08,full_suite,confirmed,overall,latency_avg_ms,,1743.1,22.6338,,,,182,results/week_4_specialist_bakeoff/scores_mean_sd_bakeoff.json,"Authoritative v3 bake-off. Superset of scores_mean_sd_v3.json. No per-item detail kept, so no bootstrap CI is possible."
week_4_specialist_bakeoff,2026-08-03,mamay12,mixed_ua_v3,182,3,pre_2026_08_08,mixed_ua_v3|pre_2026_08_08,full_suite,confirmed,alignment,latency_p50_ms,binary_label,188.5667,1.7039,,,,48,results/week_4_specialist_bakeoff/scores_mean_sd_bakeoff.json,"Authoritative v3 bake-off. Superset of scores_mean_sd_v3.json. No per-item detail kept, so no bootstrap CI is possible."
week_4_specialist_bakeoff,2026-08-03,mamay12,mixed_ua_v3,182,3,pre_2026_08_08,mixed_ua_v3|pre_2026_08_08,full_suite,confirmed,alignment,quality,binary_label,0.75,0.0,,,,48,results/week_4_specialist_bakeoff/scores_mean_sd_bakeoff.json,"Authoritative v3 bake-off. Superset of scores_mean_sd_v3.json. No per-item detail kept, so no bootstrap CI is possible."
week_4_specialist_bakeoff,2026-08-03,mamay12,mixed_ua_v3,182,3,pre_2026_08_08,mixed_ua_v3|pre_2026_08_08,full_suite,confirmed,chat,latency_p50_ms,ordinal_quarter,4788.4333,43.0716,,,,8,results/week_4_specialist_bakeoff/scores_mean_sd_bakeoff.json,"Authoritative v3 bake-off. Superset of scores_mean_sd_v3.json. No per-item detail kept, so no bootstrap CI is possible."
week_4_specialist_bakeoff,2026-08-03,mamay12,mixed_ua_v3,182,3,pre_2026_08_08,mixed_ua_v3|pre_2026_08_08,full_suite,confirmed,chat,quality,ordinal_quarter,1.0,0.0,,,,8,results/week_4_specialist_bakeoff/scores_mean_sd_bakeoff.json,"Authoritative v3 bake-off. Superset of scores_mean_sd_v3.json. No per-item detail kept, so no bootstrap CI is possible."
week_4_specialist_bakeoff,2026-08-03,mamay12,mixed_ua_v3,182,3,pre_2026_08_08,mixed_ua_v3|pre_2026_08_08,full_suite,confirmed,code,latency_p50_ms,binary_exec,2548.6667,12.9454,,,,30,results/week_4_specialist_bakeoff/scores_mean_sd_bakeoff.json,"Authoritative v3 bake-off. Superset of scores_mean_sd_v3.json. No per-item detail kept, so no bootstrap CI is possible."
week_4_specialist_bakeoff,2026-08-03,mamay12,mixed_ua_v3,182,3,pre_2026_08_08,mixed_ua_v3|pre_2026_08_08,full_suite,confirmed,code,quality,binary_exec,0.9667,0.0,,,,30,results/week_4_specialist_bakeoff/scores_mean_sd_bakeoff.json,"Authoritative v3 bake-off. Superset of scores_mean_sd_v3.json. No per-item detail kept, so no bootstrap CI is possible."
week_4_specialist_bakeoff,2026-08-03,mamay12,mixed_ua_v3,182,3,pre_2026_08_08,mixed_ua_v3|pre_2026_08_08,full_suite,confirmed,instruct,latency_p50_ms,binary_format,1553.2333,18.4262,,,,8,results/week_4_specialist_bakeoff/scores_mean_sd_bakeoff.json,"Authoritative v3 bake-off. Superset of scores_mean_sd_v3.json. No per-item detail kept, so no bootstrap CI is possible."
week_4_specialist_bakeoff,2026-08-03,mamay12,mixed_ua_v3,182,3,pre_2026_08_08,mixed_ua_v3|pre_2026_08_08,full_suite,confirmed,instruct,quality,binary_format,0.875,0.0,,,,8,results/week_4_specialist_bakeoff/scores_mean_sd_bakeoff.json,"Authoritative v3 bake-off. Superset of scores_mean_sd_v3.json. No per-item detail kept, so no bootstrap CI is possible."
week_4_specialist_bakeoff,2026-08-03,mamay12,mixed_ua_v3,182,3,pre_2026_08_08,mixed_ua_v3|pre_2026_08_08,full_suite,confirmed,knowledge,latency_p50_ms,binary_label,618.2,3.4699,,,,32,results/week_4_specialist_bakeoff/scores_mean_sd_bakeoff.json,"Authoritative v3 bake-off. Superset of scores_mean_sd_v3.json. No per-item detail kept, so no bootstrap CI is possible."
week_4_specialist_bakeoff,2026-08-03,mamay12,mixed_ua_v3,182,3,pre_2026_08_08,mixed_ua_v3|pre_2026_08_08,full_suite,confirmed,knowledge,quality,binary_label,0.5938,0.0,,,,32,results/week_4_specialist_bakeoff/scores_mean_sd_bakeoff.json,"Authoritative v3 bake-off. Superset of scores_mean_sd_v3.json. No per-item detail kept, so no bootstrap CI is possible."
week_4_specialist_bakeoff,2026-08-03,mamay12,mixed_ua_v3,182,3,pre_2026_08_08,mixed_ua_v3|pre_2026_08_08,full_suite,confirmed,translate,latency_p50_ms,continuous_chrf,1924.4667,11.1074,,,,56,results/week_4_specialist_bakeoff/scores_mean_sd_bakeoff.json,"Authoritative v3 bake-off. Superset of scores_mean_sd_v3.json. No per-item detail kept, so no bootstrap CI is possible."
week_4_specialist_bakeoff,2026-08-03,mamay12,mixed_ua_v3,182,3,pre_2026_08_08,mixed_ua_v3|pre_2026_08_08,full_suite,confirmed,translate,quality,continuous_chrf,0.8089,0.0031,,,,56,results/week_4_specialist_bakeoff/scores_mean_sd_bakeoff.json,"Authoritative v3 bake-off. Superset of scores_mean_sd_v3.json. No per-item detail kept, so no bootstrap CI is possible."
week_4_specialist_bakeoff,2026-08-03,mamay4,mixed_ua_v3,182,3,pre_2026_08_08,mixed_ua_v3|pre_2026_08_08,full_suite,confirmed,overall,overall_micro,,0.7531,0.0,,,,182,results/week_4_specialist_bakeoff/scores_mean_sd_bakeoff.json,"Authoritative v3 bake-off. Superset of scores_mean_sd_v3.json. No per-item detail kept, so no bootstrap CI is possible."
week_4_specialist_bakeoff,2026-08-03,mamay4,mixed_ua_v3,182,3,pre_2026_08_08,mixed_ua_v3|pre_2026_08_08,full_suite,confirmed,overall,overall_macro,,0.8022,0.0,,,,182,results/week_4_specialist_bakeoff/scores_mean_sd_bakeoff.json,"Authoritative v3 bake-off. Superset of scores_mean_sd_v3.json. No per-item detail kept, so no bootstrap CI is possible."
week_4_specialist_bakeoff,2026-08-03,mamay4,mixed_ua_v3,182,3,pre_2026_08_08,mixed_ua_v3|pre_2026_08_08,full_suite,confirmed,overall,latency_p50_ms,,1100.6667,5.3501,,,,182,results/week_4_specialist_bakeoff/scores_mean_sd_bakeoff.json,"Authoritative v3 bake-off. Superset of scores_mean_sd_v3.json. No per-item detail kept, so no bootstrap CI is possible."
week_4_specialist_bakeoff,2026-08-03,mamay4,mixed_ua_v3,182,3,pre_2026_08_08,mixed_ua_v3|pre_2026_08_08,full_suite,confirmed,overall,latency_avg_ms,,1756.0333,2.1197,,,,182,results/week_4_specialist_bakeoff/scores_mean_sd_bakeoff.json,"Authoritative v3 bake-off. Superset of scores_mean_sd_v3.json. No per-item detail kept, so no bootstrap CI is possible."
week_4_specialist_bakeoff,2026-08-03,mamay4,mixed_ua_v3,182,3,pre_2026_08_08,mixed_ua_v3|pre_2026_08_08,full_suite,confirmed,alignment,latency_p50_ms,binary_label,135.1333,0.0577,,,,48,results/week_4_specialist_bakeoff/scores_mean_sd_bakeoff.json,"Authoritative v3 bake-off. Superset of scores_mean_sd_v3.json. No per-item detail kept, so no bootstrap CI is possible."
week_4_specialist_bakeoff,2026-08-03,mamay4,mixed_ua_v3,182,3,pre_2026_08_08,mixed_ua_v3|pre_2026_08_08,full_suite,confirmed,alignment,quality,binary_label,0.7083,0.0,,,,48,results/week_4_specialist_bakeoff/scores_mean_sd_bakeoff.json,"Authoritative v3 bake-off. Superset of scores_mean_sd_v3.json. No per-item detail kept, so no bootstrap CI is possible."
week_4_specialist_bakeoff,2026-08-03,mamay4,mixed_ua_v3,182,3,pre_2026_08_08,mixed_ua_v3|pre_2026_08_08,full_suite,confirmed,chat,latency_p50_ms,ordinal_quarter,3113.8667,5.9366,,,,8,results/week_4_specialist_bakeoff/scores_mean_sd_bakeoff.json,"Authoritative v3 bake-off. Superset of scores_mean_sd_v3.json. No per-item detail kept, so no bootstrap CI is possible."
week_4_specialist_bakeoff,2026-08-03,mamay4,mixed_ua_v3,182,3,pre_2026_08_08,mixed_ua_v3|pre_2026_08_08,full_suite,confirmed,chat,quality,ordinal_quarter,1.0,0.0,,,,8,results/week_4_specialist_bakeoff/scores_mean_sd_bakeoff.json,"Authoritative v3 bake-off. Superset of scores_mean_sd_v3.json. No per-item detail kept, so no bootstrap CI is possible."
week_4_specialist_bakeoff,2026-08-03,mamay4,mixed_ua_v3,182,3,pre_2026_08_08,mixed_ua_v3|pre_2026_08_08,full_suite,confirmed,code,latency_p50_ms,binary_exec,2493.6,52.4812,,,,30,results/week_4_specialist_bakeoff/scores_mean_sd_bakeoff.json,"Authoritative v3 bake-off. Superset of scores_mean_sd_v3.json. No per-item detail kept, so no bootstrap CI is possible."
week_4_specialist_bakeoff,2026-08-03,mamay4,mixed_ua_v3,182,3,pre_2026_08_08,mixed_ua_v3|pre_2026_08_08,full_suite,confirmed,code,quality,binary_exec,0.9833,0.0,,,,30,results/week_4_specialist_bakeoff/scores_mean_sd_bakeoff.json,"Authoritative v3 bake-off. Superset of scores_mean_sd_v3.json. No per-item detail kept, so no bootstrap CI is possible."
week_4_specialist_bakeoff,2026-08-03,mamay4,mixed_ua_v3,182,3,pre_2026_08_08,mixed_ua_v3|pre_2026_08_08,full_suite,confirmed,instruct,latency_p50_ms,binary_format,1268.9333,2.0551,,,,8,results/week_4_specialist_bakeoff/scores_mean_sd_bakeoff.json,"Authoritative v3 bake-off. Superset of scores_mean_sd_v3.json. No per-item detail kept, so no bootstrap CI is possible."
week_4_specialist_bakeoff,2026-08-03,mamay4,mixed_ua_v3,182,3,pre_2026_08_08,mixed_ua_v3|pre_2026_08_08,full_suite,confirmed,instruct,quality,binary_format,0.875,0.0,,,,8,results/week_4_specialist_bakeoff/scores_mean_sd_bakeoff.json,"Authoritative v3 bake-off. Superset of scores_mean_sd_v3.json. No per-item detail kept, so no bootstrap CI is possible."
week_4_specialist_bakeoff,2026-08-03,mamay4,mixed_ua_v3,182,3,pre_2026_08_08,mixed_ua_v3|pre_2026_08_08,full_suite,confirmed,knowledge,latency_p50_ms,binary_label,838.7333,6.1436,,,,32,results/week_4_specialist_bakeoff/scores_mean_sd_bakeoff.json,"Authoritative v3 bake-off. Superset of scores_mean_sd_v3.json. No per-item detail kept, so no bootstrap CI is possible."
week_4_specialist_bakeoff,2026-08-03,mamay4,mixed_ua_v3,182,3,pre_2026_08_08,mixed_ua_v3|pre_2026_08_08,full_suite,confirmed,knowledge,quality,binary_label,0.4688,0.0,,,,32,results/week_4_specialist_bakeoff/scores_mean_sd_bakeoff.json,"Authoritative v3 bake-off. Superset of scores_mean_sd_v3.json. No per-item detail kept, so no bootstrap CI is possible."
week_4_specialist_bakeoff,2026-08-03,mamay4,mixed_ua_v3,182,3,pre_2026_08_08,mixed_ua_v3|pre_2026_08_08,full_suite,confirmed,translate,latency_p50_ms,continuous_chrf,1449.1,2.7221,,,,56,results/week_4_specialist_bakeoff/scores_mean_sd_bakeoff.json,"Authoritative v3 bake-off. Superset of scores_mean_sd_v3.json. No per-item detail kept, so no bootstrap CI is possible."
week_4_specialist_bakeoff,2026-08-03,mamay4,mixed_ua_v3,182,3,pre_2026_08_08,mixed_ua_v3|pre_2026_08_08,full_suite,confirmed,translate,quality,continuous_chrf,0.778,0.0,,,,56,results/week_4_specialist_bakeoff/scores_mean_sd_bakeoff.json,"Authoritative v3 bake-off. Superset of scores_mean_sd_v3.json. No per-item detail kept, so no bootstrap CI is possible."
week_4_specialist_bakeoff,2026-08-03,qwen,mixed_ua_v3,182,3,pre_2026_08_08,mixed_ua_v3|pre_2026_08_08,full_suite,confirmed,overall,overall_micro,,0.7001,0.0027,,,,182,results/week_4_specialist_bakeoff/scores_mean_sd_bakeoff.json,"Authoritative v3 bake-off. Superset of scores_mean_sd_v3.json. No per-item detail kept, so no bootstrap CI is possible."
week_4_specialist_bakeoff,2026-08-03,qwen,mixed_ua_v3,182,3,pre_2026_08_08,mixed_ua_v3|pre_2026_08_08,full_suite,confirmed,overall,overall_macro,,0.7676,0.0017,,,,182,results/week_4_specialist_bakeoff/scores_mean_sd_bakeoff.json,"Authoritative v3 bake-off. Superset of scores_mean_sd_v3.json. No per-item detail kept, so no bootstrap CI is possible."
week_4_specialist_bakeoff,2026-08-03,qwen,mixed_ua_v3,182,3,pre_2026_08_08,mixed_ua_v3|pre_2026_08_08,full_suite,confirmed,overall,latency_p50_ms,,409.7333,16.2802,,,,182,results/week_4_specialist_bakeoff/scores_mean_sd_bakeoff.json,"Authoritative v3 bake-off. Superset of scores_mean_sd_v3.json. No per-item detail kept, so no bootstrap CI is possible."
week_4_specialist_bakeoff,2026-08-03,qwen,mixed_ua_v3,182,3,pre_2026_08_08,mixed_ua_v3|pre_2026_08_08,full_suite,confirmed,overall,latency_avg_ms,,1045.8667,14.5885,,,,182,results/week_4_specialist_bakeoff/scores_mean_sd_bakeoff.json,"Authoritative v3 bake-off. Superset of scores_mean_sd_v3.json. No per-item detail kept, so no bootstrap CI is possible."
week_4_specialist_bakeoff,2026-08-03,qwen,mixed_ua_v3,182,3,pre_2026_08_08,mixed_ua_v3|pre_2026_08_08,full_suite,confirmed,alignment,latency_p50_ms,binary_label,52.3,0.5568,,,,48,results/week_4_specialist_bakeoff/scores_mean_sd_bakeoff.json,"Authoritative v3 bake-off. Superset of scores_mean_sd_v3.json. No per-item detail kept, so no bootstrap CI is possible."
week_4_specialist_bakeoff,2026-08-03,qwen,mixed_ua_v3,182,3,pre_2026_08_08,mixed_ua_v3|pre_2026_08_08,full_suite,confirmed,alignment,quality,binary_label,0.6528,0.0121,,,,48,results/week_4_specialist_bakeoff/scores_mean_sd_bakeoff.json,"Authoritative v3 bake-off. Superset of scores_mean_sd_v3.json. No per-item detail kept, so no bootstrap CI is possible."
week_4_specialist_bakeoff,2026-08-03,qwen,mixed_ua_v3,182,3,pre_2026_08_08,mixed_ua_v3|pre_2026_08_08,full_suite,confirmed,chat,latency_p50_ms,ordinal_quarter,1689.6667,3.3005,,,,8,results/week_4_specialist_bakeoff/scores_mean_sd_bakeoff.json,"Authoritative v3 bake-off. Superset of scores_mean_sd_v3.json. No per-item detail kept, so no bootstrap CI is possible."
week_4_specialist_bakeoff,2026-08-03,qwen,mixed_ua_v3,182,3,pre_2026_08_08,mixed_ua_v3|pre_2026_08_08,full_suite,confirmed,chat,quality,ordinal_quarter,1.0,0.0,,,,8,results/week_4_specialist_bakeoff/scores_mean_sd_bakeoff.json,"Authoritative v3 bake-off. Superset of scores_mean_sd_v3.json. No per-item detail kept, so no bootstrap CI is possible."
week_4_specialist_bakeoff,2026-08-03,qwen,mixed_ua_v3,182,3,pre_2026_08_08,mixed_ua_v3|pre_2026_08_08,full_suite,confirmed,code,latency_p50_ms,binary_exec,3798.3,47.3596,,,,30,results/week_4_specialist_bakeoff/scores_mean_sd_bakeoff.json,"Authoritative v3 bake-off. Superset of scores_mean_sd_v3.json. No per-item detail kept, so no bootstrap CI is possible."
week_4_specialist_bakeoff,2026-08-03,qwen,mixed_ua_v3,182,3,pre_2026_08_08,mixed_ua_v3|pre_2026_08_08,full_suite,confirmed,code,quality,binary_exec,0.9667,0.0,,,,30,results/week_4_specialist_bakeoff/scores_mean_sd_bakeoff.json,"Authoritative v3 bake-off. Superset of scores_mean_sd_v3.json. No per-item detail kept, so no bootstrap CI is possible."
week_4_specialist_bakeoff,2026-08-03,qwen,mixed_ua_v3,182,3,pre_2026_08_08,mixed_ua_v3|pre_2026_08_08,full_suite,confirmed,instruct,latency_p50_ms,binary_format,493.6,3.5539,,,,8,results/week_4_specialist_bakeoff/scores_mean_sd_bakeoff.json,"Authoritative v3 bake-off. Superset of scores_mean_sd_v3.json. No per-item detail kept, so no bootstrap CI is possible."
week_4_specialist_bakeoff,2026-08-03,qwen,mixed_ua_v3,182,3,pre_2026_08_08,mixed_ua_v3|pre_2026_08_08,full_suite,confirmed,instruct,quality,binary_format,0.875,0.0,,,,8,results/week_4_specialist_bakeoff/scores_mean_sd_bakeoff.json,"Authoritative v3 bake-off. Superset of scores_mean_sd_v3.json. No per-item detail kept, so no bootstrap CI is possible."
week_4_specialist_bakeoff,2026-08-03,qwen,mixed_ua_v3,182,3,pre_2026_08_08,mixed_ua_v3|pre_2026_08_08,full_suite,confirmed,knowledge,latency_p50_ms,binary_label,168.9333,0.7506,,,,32,results/week_4_specialist_bakeoff/scores_mean_sd_bakeoff.json,"Authoritative v3 bake-off. Superset of scores_mean_sd_v3.json. No per-item detail kept, so no bootstrap CI is possible."
week_4_specialist_bakeoff,2026-08-03,qwen,mixed_ua_v3,182,3,pre_2026_08_08,mixed_ua_v3|pre_2026_08_08,full_suite,confirmed,knowledge,quality,binary_label,0.4219,0.0,,,,32,results/week_4_specialist_bakeoff/scores_mean_sd_bakeoff.json,"Authoritative v3 bake-off. Superset of scores_mean_sd_v3.json. No per-item detail kept, so no bootstrap CI is possible."
week_4_specialist_bakeoff,2026-08-03,qwen,mixed_ua_v3,182,3,pre_2026_08_08,mixed_ua_v3|pre_2026_08_08,full_suite,confirmed,translate,latency_p50_ms,continuous_chrf,584.1333,9.6671,,,,56,results/week_4_specialist_bakeoff/scores_mean_sd_bakeoff.json,"Authoritative v3 bake-off. Superset of scores_mean_sd_v3.json. No per-item detail kept, so no bootstrap CI is possible."
week_4_specialist_bakeoff,2026-08-03,qwen,mixed_ua_v3,182,3,pre_2026_08_08,mixed_ua_v3|pre_2026_08_08,full_suite,confirmed,translate,quality,continuous_chrf,0.6891,0.0017,,,,56,results/week_4_specialist_bakeoff/scores_mean_sd_bakeoff.json,"Authoritative v3 bake-off. Superset of scores_mean_sd_v3.json. No per-item detail kept, so no bootstrap CI is possible."
week_4_specialist_bakeoff,2026-08-03,router_cascade,mixed_ua_v3,182,3,pre_2026_08_08,mixed_ua_v3|pre_2026_08_08,full_suite,confirmed,overall,overall_micro,,0.7504,0.0,,,,182,results/week_4_specialist_bakeoff/scores_mean_sd_bakeoff.json,"Authoritative v3 bake-off. Superset of scores_mean_sd_v3.json. No per-item detail kept, so no bootstrap CI is possible."
week_4_specialist_bakeoff,2026-08-03,router_cascade,mixed_ua_v3,182,3,pre_2026_08_08,mixed_ua_v3|pre_2026_08_08,full_suite,confirmed,overall,overall_macro,,0.7995,0.0,,,,182,results/week_4_specialist_bakeoff/scores_mean_sd_bakeoff.json,"Authoritative v3 bake-off. Superset of scores_mean_sd_v3.json. No per-item detail kept, so no bootstrap CI is possible."
week_4_specialist_bakeoff,2026-08-03,router_cascade,mixed_ua_v3,182,3,pre_2026_08_08,mixed_ua_v3|pre_2026_08_08,full_suite,confirmed,overall,latency_p50_ms,,1143.2,1.4731,,,,182,results/week_4_specialist_bakeoff/scores_mean_sd_bakeoff.json,"Authoritative v3 bake-off. Superset of scores_mean_sd_v3.json. No per-item detail kept, so no bootstrap CI is possible."
week_4_specialist_bakeoff,2026-08-03,router_cascade,mixed_ua_v3,182,3,pre_2026_08_08,mixed_ua_v3|pre_2026_08_08,full_suite,confirmed,overall,latency_avg_ms,,1888.4333,2.2679,,,,182,results/week_4_specialist_bakeoff/scores_mean_sd_bakeoff.json,"Authoritative v3 bake-off. Superset of scores_mean_sd_v3.json. No per-item detail kept, so no bootstrap CI is possible."
week_4_specialist_bakeoff,2026-08-03,router_cascade,mixed_ua_v3,182,3,pre_2026_08_08,mixed_ua_v3|pre_2026_08_08,full_suite,confirmed,alignment,latency_p50_ms,binary_label,134.6,0.6083,,,,48,results/week_4_specialist_bakeoff/scores_mean_sd_bakeoff.json,"Authoritative v3 bake-off. Superset of scores_mean_sd_v3.json. No per-item detail kept, so no bootstrap CI is possible."
week_4_specialist_bakeoff,2026-08-03,router_cascade,mixed_ua_v3,182,3,pre_2026_08_08,mixed_ua_v3|pre_2026_08_08,full_suite,confirmed,alignment,quality,binary_label,0.7083,0.0,,,,48,results/week_4_specialist_bakeoff/scores_mean_sd_bakeoff.json,"Authoritative v3 bake-off. Superset of scores_mean_sd_v3.json. No per-item detail kept, so no bootstrap CI is possible."
week_4_specialist_bakeoff,2026-08-03,router_cascade,mixed_ua_v3,182,3,pre_2026_08_08,mixed_ua_v3|pre_2026_08_08,full_suite,confirmed,chat,latency_p50_ms,ordinal_quarter,3127.6,8.4042,,,,8,results/week_4_specialist_bakeoff/scores_mean_sd_bakeoff.json,"Authoritative v3 bake-off. Superset of scores_mean_sd_v3.json. No per-item detail kept, so no bootstrap CI is possible."
week_4_specialist_bakeoff,2026-08-03,router_cascade,mixed_ua_v3,182,3,pre_2026_08_08,mixed_ua_v3|pre_2026_08_08,full_suite,confirmed,chat,quality,ordinal_quarter,1.0,0.0,,,,8,results/week_4_specialist_bakeoff/scores_mean_sd_bakeoff.json,"Authoritative v3 bake-off. Superset of scores_mean_sd_v3.json. No per-item detail kept, so no bootstrap CI is possible."
week_4_specialist_bakeoff,2026-08-03,router_cascade,mixed_ua_v3,182,3,pre_2026_08_08,mixed_ua_v3|pre_2026_08_08,full_suite,confirmed,code,latency_p50_ms,binary_exec,3801.1333,7.0444,,,,30,results/week_4_specialist_bakeoff/scores_mean_sd_bakeoff.json,"Authoritative v3 bake-off. Superset of scores_mean_sd_v3.json. No per-item detail kept, so no bootstrap CI is possible."
week_4_specialist_bakeoff,2026-08-03,router_cascade,mixed_ua_v3,182,3,pre_2026_08_08,mixed_ua_v3|pre_2026_08_08,full_suite,confirmed,code,quality,binary_exec,0.9667,0.0,,,,30,results/week_4_specialist_bakeoff/scores_mean_sd_bakeoff.json,"Authoritative v3 bake-off. Superset of scores_mean_sd_v3.json. No per-item detail kept, so no bootstrap CI is possible."
week_4_specialist_bakeoff,2026-08-03,router_cascade,mixed_ua_v3,182,3,pre_2026_08_08,mixed_ua_v3|pre_2026_08_08,full_suite,confirmed,instruct,latency_p50_ms,binary_format,1275.4,4.5574,,,,8,results/week_4_specialist_bakeoff/scores_mean_sd_bakeoff.json,"Authoritative v3 bake-off. Superset of scores_mean_sd_v3.json. No per-item detail kept, so no bootstrap CI is possible."
week_4_specialist_bakeoff,2026-08-03,router_cascade,mixed_ua_v3,182,3,pre_2026_08_08,mixed_ua_v3|pre_2026_08_08,full_suite,confirmed,instruct,quality,binary_format,0.875,0.0,,,,8,results/week_4_specialist_bakeoff/scores_mean_sd_bakeoff.json,"Authoritative v3 bake-off. Superset of scores_mean_sd_v3.json. No per-item detail kept, so no bootstrap CI is possible."
week_4_specialist_bakeoff,2026-08-03,router_cascade,mixed_ua_v3,182,3,pre_2026_08_08,mixed_ua_v3|pre_2026_08_08,full_suite,confirmed,knowledge,latency_p50_ms,binary_label,844.3667,5.1936,,,,32,results/week_4_specialist_bakeoff/scores_mean_sd_bakeoff.json,"Authoritative v3 bake-off. Superset of scores_mean_sd_v3.json. No per-item detail kept, so no bootstrap CI is possible."
week_4_specialist_bakeoff,2026-08-03,router_cascade,mixed_ua_v3,182,3,pre_2026_08_08,mixed_ua_v3|pre_2026_08_08,full_suite,confirmed,knowledge,quality,binary_label,0.4688,0.0,,,,32,results/week_4_specialist_bakeoff/scores_mean_sd_bakeoff.json,"Authoritative v3 bake-off. Superset of scores_mean_sd_v3.json. No per-item detail kept, so no bootstrap CI is possible."
week_4_specialist_bakeoff,2026-08-03,router_cascade,mixed_ua_v3,182,3,pre_2026_08_08,mixed_ua_v3|pre_2026_08_08,full_suite,confirmed,translate,latency_p50_ms,continuous_chrf,1461.1667,2.3798,,,,56,results/week_4_specialist_bakeoff/scores_mean_sd_bakeoff.json,"Authoritative v3 bake-off. Superset of scores_mean_sd_v3.json. No per-item detail kept, so no bootstrap CI is possible."
week_4_specialist_bakeoff,2026-08-03,router_cascade,mixed_ua_v3,182,3,pre_2026_08_08,mixed_ua_v3|pre_2026_08_08,full_suite,confirmed,translate,quality,continuous_chrf,0.778,0.0,,,,56,results/week_4_specialist_bakeoff/scores_mean_sd_bakeoff.json,"Authoritative v3 bake-off. Superset of scores_mean_sd_v3.json. No per-item detail kept, so no bootstrap CI is possible."
week_4_specialist_bakeoff,2026-08-03,router_small,mixed_ua_v3,182,3,pre_2026_08_08,mixed_ua_v3|pre_2026_08_08,full_suite,confirmed,overall,overall_micro,,0.7504,0.0,,,,182,results/week_4_specialist_bakeoff/scores_mean_sd_bakeoff.json,"Authoritative v3 bake-off. Superset of scores_mean_sd_v3.json. No per-item detail kept, so no bootstrap CI is possible."
week_4_specialist_bakeoff,2026-08-03,router_small,mixed_ua_v3,182,3,pre_2026_08_08,mixed_ua_v3|pre_2026_08_08,full_suite,confirmed,overall,overall_macro,,0.7995,0.0,,,,182,results/week_4_specialist_bakeoff/scores_mean_sd_bakeoff.json,"Authoritative v3 bake-off. Superset of scores_mean_sd_v3.json. No per-item detail kept, so no bootstrap CI is possible."
week_4_specialist_bakeoff,2026-08-03,router_small,mixed_ua_v3,182,3,pre_2026_08_08,mixed_ua_v3|pre_2026_08_08,full_suite,confirmed,overall,latency_p50_ms,,1143.8,1.3892,,,,182,results/week_4_specialist_bakeoff/scores_mean_sd_bakeoff.json,"Authoritative v3 bake-off. Superset of scores_mean_sd_v3.json. No per-item detail kept, so no bootstrap CI is possible."
week_4_specialist_bakeoff,2026-08-03,router_small,mixed_ua_v3,182,3,pre_2026_08_08,mixed_ua_v3|pre_2026_08_08,full_suite,confirmed,overall,latency_avg_ms,,1888.7,4.6872,,,,182,results/week_4_specialist_bakeoff/scores_mean_sd_bakeoff.json,"Authoritative v3 bake-off. Superset of scores_mean_sd_v3.json. No per-item detail kept, so no bootstrap CI is possible."
week_4_specialist_bakeoff,2026-08-03,router_small,mixed_ua_v3,182,3,pre_2026_08_08,mixed_ua_v3|pre_2026_08_08,full_suite,confirmed,alignment,latency_p50_ms,binary_label,135.0333,0.8327,,,,48,results/week_4_specialist_bakeoff/scores_mean_sd_bakeoff.json,"Authoritative v3 bake-off. Superset of scores_mean_sd_v3.json. No per-item detail kept, so no bootstrap CI is possible."
week_4_specialist_bakeoff,2026-08-03,router_small,mixed_ua_v3,182,3,pre_2026_08_08,mixed_ua_v3|pre_2026_08_08,full_suite,confirmed,alignment,quality,binary_label,0.7083,0.0,,,,48,results/week_4_specialist_bakeoff/scores_mean_sd_bakeoff.json,"Authoritative v3 bake-off. Superset of scores_mean_sd_v3.json. No per-item detail kept, so no bootstrap CI is possible."
week_4_specialist_bakeoff,2026-08-03,router_small,mixed_ua_v3,182,3,pre_2026_08_08,mixed_ua_v3|pre_2026_08_08,full_suite,confirmed,chat,latency_p50_ms,ordinal_quarter,3124.7,6.8169,,,,8,results/week_4_specialist_bakeoff/scores_mean_sd_bakeoff.json,"Authoritative v3 bake-off. Superset of scores_mean_sd_v3.json. No per-item detail kept, so no bootstrap CI is possible."
week_4_specialist_bakeoff,2026-08-03,router_small,mixed_ua_v3,182,3,pre_2026_08_08,mixed_ua_v3|pre_2026_08_08,full_suite,confirmed,chat,quality,ordinal_quarter,1.0,0.0,,,,8,results/week_4_specialist_bakeoff/scores_mean_sd_bakeoff.json,"Authoritative v3 bake-off. Superset of scores_mean_sd_v3.json. No per-item detail kept, so no bootstrap CI is possible."
week_4_specialist_bakeoff,2026-08-03,router_small,mixed_ua_v3,182,3,pre_2026_08_08,mixed_ua_v3|pre_2026_08_08,full_suite,confirmed,code,latency_p50_ms,binary_exec,3779.2667,26.2125,,,,30,results/week_4_specialist_bakeoff/scores_mean_sd_bakeoff.json,"Authoritative v3 bake-off. Superset of scores_mean_sd_v3.json. No per-item detail kept, so no bootstrap CI is possible."
week_4_specialist_bakeoff,2026-08-03,router_small,mixed_ua_v3,182,3,pre_2026_08_08,mixed_ua_v3|pre_2026_08_08,full_suite,confirmed,code,quality,binary_exec,0.9667,0.0,,,,30,results/week_4_specialist_bakeoff/scores_mean_sd_bakeoff.json,"Authoritative v3 bake-off. Superset of scores_mean_sd_v3.json. No per-item detail kept, so no bootstrap CI is possible."
week_4_specialist_bakeoff,2026-08-03,router_small,mixed_ua_v3,182,3,pre_2026_08_08,mixed_ua_v3|pre_2026_08_08,full_suite,confirmed,instruct,latency_p50_ms,binary_format,1283.4667,4.7248,,,,8,results/week_4_specialist_bakeoff/scores_mean_sd_bakeoff.json,"Authoritative v3 bake-off. Superset of scores_mean_sd_v3.json. No per-item detail kept, so no bootstrap CI is possible."
week_4_specialist_bakeoff,2026-08-03,router_small,mixed_ua_v3,182,3,pre_2026_08_08,mixed_ua_v3|pre_2026_08_08,full_suite,confirmed,instruct,quality,binary_format,0.875,0.0,,,,8,results/week_4_specialist_bakeoff/scores_mean_sd_bakeoff.json,"Authoritative v3 bake-off. Superset of scores_mean_sd_v3.json. No per-item detail kept, so no bootstrap CI is possible."
week_4_specialist_bakeoff,2026-08-03,router_small,mixed_ua_v3,182,3,pre_2026_08_08,mixed_ua_v3|pre_2026_08_08,full_suite,confirmed,knowledge,latency_p50_ms,binary_label,844.9333,3.1786,,,,32,results/week_4_specialist_bakeoff/scores_mean_sd_bakeoff.json,"Authoritative v3 bake-off. Superset of scores_mean_sd_v3.json. No per-item detail kept, so no bootstrap CI is possible."
week_4_specialist_bakeoff,2026-08-03,router_small,mixed_ua_v3,182,3,pre_2026_08_08,mixed_ua_v3|pre_2026_08_08,full_suite,confirmed,knowledge,quality,binary_label,0.4688,0.0,,,,32,results/week_4_specialist_bakeoff/scores_mean_sd_bakeoff.json,"Authoritative v3 bake-off. Superset of scores_mean_sd_v3.json. No per-item detail kept, so no bootstrap CI is possible."
week_4_specialist_bakeoff,2026-08-03,router_small,mixed_ua_v3,182,3,pre_2026_08_08,mixed_ua_v3|pre_2026_08_08,full_suite,confirmed,translate,latency_p50_ms,continuous_chrf,1453.5,7.2083,,,,56,results/week_4_specialist_bakeoff/scores_mean_sd_bakeoff.json,"Authoritative v3 bake-off. Superset of scores_mean_sd_v3.json. No per-item detail kept, so no bootstrap CI is possible."
week_4_specialist_bakeoff,2026-08-03,router_small,mixed_ua_v3,182,3,pre_2026_08_08,mixed_ua_v3|pre_2026_08_08,full_suite,confirmed,translate,quality,continuous_chrf,0.778,0.0,,,,56,results/week_4_specialist_bakeoff/scores_mean_sd_bakeoff.json,"Authoritative v3 bake-off. Superset of scores_mean_sd_v3.json. No per-item detail kept, so no bootstrap CI is possible."
week_5_aya_qwen7,2026-08-07,aya,mixed_ua_v4_balanced,192,3,pre_2026_08_08,mixed_ua_v4_balanced|pre_2026_08_08,full_suite,superseded,overall,overall_micro,,0.7383,0.0003,,,,192,results/week_5_aya_qwen7/scores_mean_sd_aya_v4.json,Superseded by scores_mean_sd_aya_v4_rescored.json.
week_5_aya_qwen7,2026-08-07,aya,mixed_ua_v4_balanced,192,3,pre_2026_08_08,mixed_ua_v4_balanced|pre_2026_08_08,full_suite,superseded,overall,overall_macro,,0.7383,0.0003,,,,192,results/week_5_aya_qwen7/scores_mean_sd_aya_v4.json,Superseded by scores_mean_sd_aya_v4_rescored.json.
week_5_aya_qwen7,2026-08-07,aya,mixed_ua_v4_balanced,192,3,pre_2026_08_08,mixed_ua_v4_balanced|pre_2026_08_08,full_suite,superseded,overall,latency_p50_ms,,866.9,25.8078,,,,192,results/week_5_aya_qwen7/scores_mean_sd_aya_v4.json,Superseded by scores_mean_sd_aya_v4_rescored.json.
week_5_aya_qwen7,2026-08-07,aya,mixed_ua_v4_balanced,192,3,pre_2026_08_08,mixed_ua_v4_balanced|pre_2026_08_08,full_suite,superseded,overall,latency_avg_ms,,1310.3,4.5902,,,,192,results/week_5_aya_qwen7/scores_mean_sd_aya_v4.json,Superseded by scores_mean_sd_aya_v4_rescored.json.
week_5_aya_qwen7,2026-08-07,aya,mixed_ua_v4_balanced,192,3,pre_2026_08_08,mixed_ua_v4_balanced|pre_2026_08_08,full_suite,superseded,alignment,latency_p50_ms,binary_label,1169.6667,0.2082,,,,32,results/week_5_aya_qwen7/scores_mean_sd_aya_v4.json,Superseded by scores_mean_sd_aya_v4_rescored.json.
week_5_aya_qwen7,2026-08-07,aya,mixed_ua_v4_balanced,192,3,pre_2026_08_08,mixed_ua_v4_balanced|pre_2026_08_08,full_suite,superseded,alignment,quality,binary_label,0.5938,0.0,,,,32,results/week_5_aya_qwen7/scores_mean_sd_aya_v4.json,Superseded by scores_mean_sd_aya_v4_rescored.json.
week_5_aya_qwen7,2026-08-07,aya,mixed_ua_v4_balanced,192,3,pre_2026_08_08,mixed_ua_v4_balanced|pre_2026_08_08,full_suite,superseded,chat,latency_p50_ms,ordinal_quarter,3416.3,266.4768,,,,32,results/week_5_aya_qwen7/scores_mean_sd_aya_v4.json,Superseded by scores_mean_sd_aya_v4_rescored.json.
week_5_aya_qwen7,2026-08-07,aya,mixed_ua_v4_balanced,192,3,pre_2026_08_08,mixed_ua_v4_balanced|pre_2026_08_08,full_suite,superseded,chat,quality,ordinal_quarter,1.0,0.0,,,,32,results/week_5_aya_qwen7/scores_mean_sd_aya_v4.json,Superseded by scores_mean_sd_aya_v4_rescored.json.
week_5_aya_qwen7,2026-08-07,aya,mixed_ua_v4_balanced,192,3,pre_2026_08_08,mixed_ua_v4_balanced|pre_2026_08_08,full_suite,superseded,code,latency_p50_ms,binary_exec,691.2333,1.1015,,,,32,results/week_5_aya_qwen7/scores_mean_sd_aya_v4.json,Superseded by scores_mean_sd_aya_v4_rescored.json.
week_5_aya_qwen7,2026-08-07,aya,mixed_ua_v4_balanced,192,3,pre_2026_08_08,mixed_ua_v4_balanced|pre_2026_08_08,full_suite,superseded,code,quality,binary_exec,0.8906,0.0,,,,32,results/week_5_aya_qwen7/scores_mean_sd_aya_v4.json,Superseded by scores_mean_sd_aya_v4_rescored.json.
week_5_aya_qwen7,2026-08-07,aya,mixed_ua_v4_balanced,192,3,pre_2026_08_08,mixed_ua_v4_balanced|pre_2026_08_08,full_suite,superseded,instruct,latency_p50_ms,binary_format,289.2,0.781,,,,32,results/week_5_aya_qwen7/scores_mean_sd_aya_v4.json,Superseded by scores_mean_sd_aya_v4_rescored.json.
week_5_aya_qwen7,2026-08-07,aya,mixed_ua_v4_balanced,192,3,pre_2026_08_08,mixed_ua_v4_balanced|pre_2026_08_08,full_suite,superseded,instruct,quality,binary_format,0.5625,0.0,,,,32,results/week_5_aya_qwen7/scores_mean_sd_aya_v4.json,Superseded by scores_mean_sd_aya_v4_rescored.json.
week_5_aya_qwen7,2026-08-07,aya,mixed_ua_v4_balanced,192,3,pre_2026_08_08,mixed_ua_v4_balanced|pre_2026_08_08,full_suite,superseded,knowledge,latency_p50_ms,binary_label,1178.7333,3.5233,,,,32,results/week_5_aya_qwen7/scores_mean_sd_aya_v4.json,Superseded by scores_mean_sd_aya_v4_rescored.json.
week_5_aya_qwen7,2026-08-07,aya,mixed_ua_v4_balanced,192,3,pre_2026_08_08,mixed_ua_v4_balanced|pre_2026_08_08,full_suite,superseded,knowledge,quality,binary_label,0.5625,0.0,,,,32,results/week_5_aya_qwen7/scores_mean_sd_aya_v4.json,Superseded by scores_mean_sd_aya_v4_rescored.json.
week_5_aya_qwen7,2026-08-07,aya,mixed_ua_v4_balanced,192,3,pre_2026_08_08,mixed_ua_v4_balanced|pre_2026_08_08,full_suite,superseded,translate,latency_p50_ms,continuous_chrf,519.3333,1.1846,,,,32,results/week_5_aya_qwen7/scores_mean_sd_aya_v4.json,Superseded by scores_mean_sd_aya_v4_rescored.json.
week_5_aya_qwen7,2026-08-07,aya,mixed_ua_v4_balanced,192,3,pre_2026_08_08,mixed_ua_v4_balanced|pre_2026_08_08,full_suite,superseded,translate,quality,continuous_chrf,0.8205,0.0017,,,,32,results/week_5_aya_qwen7/scores_mean_sd_aya_v4.json,Superseded by scores_mean_sd_aya_v4_rescored.json.
week_5_aya_qwen7,2026-08-07,qwen7,mixed_ua_v4_balanced,192,3,pre_2026_08_08,mixed_ua_v4_balanced|pre_2026_08_08,bucket_subset,superseded,code,latency_p50_ms,binary_exec,475.9667,0.7371,,,,32,results/week_5_aya_qwen7/scores_mean_sd_qwen7_code_v4.json,Code bucket only. Same generations as the router code bucket (identical p50) but old scorer: 0.9062 vs 0.9688. Needs rescoring.
week_5_aya_qwen7,2026-08-07,qwen7,mixed_ua_v4_balanced,192,3,pre_2026_08_08,mixed_ua_v4_balanced|pre_2026_08_08,bucket_subset,superseded,code,quality,binary_exec,0.9062,0.0,,,,32,results/week_5_aya_qwen7/scores_mean_sd_qwen7_code_v4.json,Code bucket only. Same generations as the router code bucket (identical p50) but old scorer: 0.9062 vs 0.9688. Needs rescoring.
week_5_router_v4,2026-08-08,aya,mixed_ua_v4_balanced,192,3,post_2026_08_08,mixed_ua_v4_balanced|post_2026_08_08,full_suite,confirmed,overall,overall_micro,,0.7852,0.0003,,,,192,results/week_5_router_v4/scores_mean_sd_aya_v4_rescored.json,Rescored baseline; the one comparable to the router run.
week_5_router_v4,2026-08-08,aya,mixed_ua_v4_balanced,192,3,post_2026_08_08,mixed_ua_v4_balanced|post_2026_08_08,full_suite,confirmed,overall,overall_macro,,0.7852,0.0003,,,,192,results/week_5_router_v4/scores_mean_sd_aya_v4_rescored.json,Rescored baseline; the one comparable to the router run.
week_5_router_v4,2026-08-08,aya,mixed_ua_v4_balanced,192,3,post_2026_08_08,mixed_ua_v4_balanced|post_2026_08_08,full_suite,confirmed,overall,latency_p50_ms,,866.9,25.8078,,,,192,results/week_5_router_v4/scores_mean_sd_aya_v4_rescored.json,Rescored baseline; the one comparable to the router run.
week_5_router_v4,2026-08-08,aya,mixed_ua_v4_balanced,192,3,post_2026_08_08,mixed_ua_v4_balanced|post_2026_08_08,full_suite,confirmed,overall,latency_avg_ms,,1310.3,4.5902,,,,192,results/week_5_router_v4/scores_mean_sd_aya_v4_rescored.json,Rescored baseline; the one comparable to the router run.
week_5_router_v4,2026-08-08,aya,mixed_ua_v4_balanced,192,3,post_2026_08_08,mixed_ua_v4_balanced|post_2026_08_08,full_suite,confirmed,alignment,latency_p50_ms,binary_label,1169.6667,0.2082,,,,32,results/week_5_router_v4/scores_mean_sd_aya_v4_rescored.json,Rescored baseline; the one comparable to the router run.
week_5_router_v4,2026-08-08,aya,mixed_ua_v4_balanced,192,3,post_2026_08_08,mixed_ua_v4_balanced|post_2026_08_08,full_suite,confirmed,alignment,quality,binary_label,0.5938,0.0,,,,32,results/week_5_router_v4/scores_mean_sd_aya_v4_rescored.json,Rescored baseline; the one comparable to the router run.
week_5_router_v4,2026-08-08,aya,mixed_ua_v4_balanced,192,3,post_2026_08_08,mixed_ua_v4_balanced|post_2026_08_08,full_suite,confirmed,chat,latency_p50_ms,ordinal_quarter,3416.3,266.4768,,,,32,results/week_5_router_v4/scores_mean_sd_aya_v4_rescored.json,Rescored baseline; the one comparable to the router run.
week_5_router_v4,2026-08-08,aya,mixed_ua_v4_balanced,192,3,post_2026_08_08,mixed_ua_v4_balanced|post_2026_08_08,full_suite,confirmed,chat,quality,ordinal_quarter,1.0,0.0,,,,32,results/week_5_router_v4/scores_mean_sd_aya_v4_rescored.json,Rescored baseline; the one comparable to the router run.
week_5_router_v4,2026-08-08,aya,mixed_ua_v4_balanced,192,3,post_2026_08_08,mixed_ua_v4_balanced|post_2026_08_08,full_suite,confirmed,code,latency_p50_ms,binary_exec,691.2333,1.1015,,,,32,results/week_5_router_v4/scores_mean_sd_aya_v4_rescored.json,Rescored baseline; the one comparable to the router run.
week_5_router_v4,2026-08-08,aya,mixed_ua_v4_balanced,192,3,post_2026_08_08,mixed_ua_v4_balanced|post_2026_08_08,full_suite,confirmed,code,quality,binary_exec,0.9531,0.0,,,,32,results/week_5_router_v4/scores_mean_sd_aya_v4_rescored.json,Rescored baseline; the one comparable to the router run.
week_5_router_v4,2026-08-08,aya,mixed_ua_v4_balanced,192,3,post_2026_08_08,mixed_ua_v4_balanced|post_2026_08_08,full_suite,confirmed,instruct,latency_p50_ms,binary_format,289.2,0.781,,,,32,results/week_5_router_v4/scores_mean_sd_aya_v4_rescored.json,Rescored baseline; the one comparable to the router run.
week_5_router_v4,2026-08-08,aya,mixed_ua_v4_balanced,192,3,post_2026_08_08,mixed_ua_v4_balanced|post_2026_08_08,full_suite,confirmed,instruct,quality,binary_format,0.7812,0.0,,,,32,results/week_5_router_v4/scores_mean_sd_aya_v4_rescored.json,Rescored baseline; the one comparable to the router run.
week_5_router_v4,2026-08-08,aya,mixed_ua_v4_balanced,192,3,post_2026_08_08,mixed_ua_v4_balanced|post_2026_08_08,full_suite,confirmed,knowledge,latency_p50_ms,binary_label,1178.7333,3.5233,,,,32,results/week_5_router_v4/scores_mean_sd_aya_v4_rescored.json,Rescored baseline; the one comparable to the router run.
week_5_router_v4,2026-08-08,aya,mixed_ua_v4_balanced,192,3,post_2026_08_08,mixed_ua_v4_balanced|post_2026_08_08,full_suite,confirmed,knowledge,quality,binary_label,0.5625,0.0,,,,32,results/week_5_router_v4/scores_mean_sd_aya_v4_rescored.json,Rescored baseline; the one comparable to the router run.
week_5_router_v4,2026-08-08,aya,mixed_ua_v4_balanced,192,3,post_2026_08_08,mixed_ua_v4_balanced|post_2026_08_08,full_suite,confirmed,translate,latency_p50_ms,continuous_chrf,519.3333,1.1846,,,,32,results/week_5_router_v4/scores_mean_sd_aya_v4_rescored.json,Rescored baseline; the one comparable to the router run.
week_5_router_v4,2026-08-08,aya,mixed_ua_v4_balanced,192,3,post_2026_08_08,mixed_ua_v4_balanced|post_2026_08_08,full_suite,confirmed,translate,quality,continuous_chrf,0.8205,0.0017,,,,32,results/week_5_router_v4/scores_mean_sd_aya_v4_rescored.json,Rescored baseline; the one comparable to the router run.
week_5_router_v4,2026-08-08,router_matrix,mixed_ua_v4_balanced,192,3,post_2026_08_08,mixed_ua_v4_balanced|post_2026_08_08,full_suite,provisional,overall,overall_micro,,0.8163,0.0,0.7637,0.8649,bootstrap_items_percentile_95,192,results/week_5_router_v4/scores_mean_sd_router_v4.json,Run before the intent_rules.py leakage fix; needs a re-run.
week_5_router_v4,2026-08-08,router_matrix,mixed_ua_v4_balanced,192,3,post_2026_08_08,mixed_ua_v4_balanced|post_2026_08_08,full_suite,provisional,overall,overall_macro,,0.8163,0.0,,,,192,results/week_5_router_v4/scores_mean_sd_router_v4.json,Run before the intent_rules.py leakage fix; needs a re-run.
week_5_router_v4,2026-08-08,router_matrix,mixed_ua_v4_balanced,192,3,post_2026_08_08,mixed_ua_v4_balanced|post_2026_08_08,full_suite,provisional,overall,latency_p50_ms,,425.0667,0.2887,,,,192,results/week_5_router_v4/scores_mean_sd_router_v4.json,Run before the intent_rules.py leakage fix; needs a re-run.
week_5_router_v4,2026-08-08,router_matrix,mixed_ua_v4_balanced,192,3,post_2026_08_08,mixed_ua_v4_balanced|post_2026_08_08,full_suite,provisional,overall,latency_avg_ms,,1517.7333,22.477,,,,192,results/week_5_router_v4/scores_mean_sd_router_v4.json,Run before the intent_rules.py leakage fix; needs a re-run.
week_5_router_v4,2026-08-08,router_matrix,mixed_ua_v4_balanced,192,3,post_2026_08_08,mixed_ua_v4_balanced|post_2026_08_08,full_suite,provisional,alignment,latency_p50_ms,binary_label,191.1667,1.3317,,,,32,results/week_5_router_v4/scores_mean_sd_router_v4.json,Run before the intent_rules.py leakage fix; needs a re-run.
week_5_router_v4,2026-08-08,router_matrix,mixed_ua_v4_balanced,192,3,post_2026_08_08,mixed_ua_v4_balanced|post_2026_08_08,full_suite,provisional,alignment,quality,binary_label,0.5938,0.0,0.4375,0.75,bootstrap_items_percentile_95,32,results/week_5_router_v4/scores_mean_sd_router_v4.json,Run before the intent_rules.py leakage fix; needs a re-run.
week_5_router_v4,2026-08-08,router_matrix,mixed_ua_v4_balanced,192,3,post_2026_08_08,mixed_ua_v4_balanced|post_2026_08_08,full_suite,provisional,chat,latency_p50_ms,ordinal_quarter,4094.7333,99.6013,,,,32,results/week_5_router_v4/scores_mean_sd_router_v4.json,Run before the intent_rules.py leakage fix; needs a re-run.
week_5_router_v4,2026-08-08,router_matrix,mixed_ua_v4_balanced,192,3,post_2026_08_08,mixed_ua_v4_balanced|post_2026_08_08,full_suite,provisional,chat,quality,ordinal_quarter,0.9844,0.0,0.9531,1.0,bootstrap_items_percentile_95,32,results/week_5_router_v4/scores_mean_sd_router_v4.json,Run before the intent_rules.py leakage fix; needs a re-run.
week_5_router_v4,2026-08-08,router_matrix,mixed_ua_v4_balanced,192,3,post_2026_08_08,mixed_ua_v4_balanced|post_2026_08_08,full_suite,provisional,code,latency_p50_ms,binary_exec,475.9667,0.0577,,,,32,results/week_5_router_v4/scores_mean_sd_router_v4.json,Run before the intent_rules.py leakage fix; needs a re-run.
week_5_router_v4,2026-08-08,router_matrix,mixed_ua_v4_balanced,192,3,post_2026_08_08,mixed_ua_v4_balanced|post_2026_08_08,full_suite,provisional,code,quality,binary_exec,0.9688,0.0,0.9062,1.0,bootstrap_items_percentile_95,32,results/week_5_router_v4/scores_mean_sd_router_v4.json,Run before the intent_rules.py leakage fix; needs a re-run.
week_5_router_v4,2026-08-08,router_matrix,mixed_ua_v4_balanced,192,3,post_2026_08_08,mixed_ua_v4_balanced|post_2026_08_08,full_suite,provisional,instruct,latency_p50_ms,binary_format,711.1667,1.9553,,,,32,results/week_5_router_v4/scores_mean_sd_router_v4.json,Run before the intent_rules.py leakage fix; needs a re-run.
week_5_router_v4,2026-08-08,router_matrix,mixed_ua_v4_balanced,192,3,post_2026_08_08,mixed_ua_v4_balanced|post_2026_08_08,full_suite,provisional,instruct,quality,binary_format,0.7812,0.0,0.625,0.9062,bootstrap_items_percentile_95,32,results/week_5_router_v4/scores_mean_sd_router_v4.json,Run before the intent_rules.py leakage fix; needs a re-run.
week_5_router_v4,2026-08-08,router_matrix,mixed_ua_v4_balanced,192,3,post_2026_08_08,mixed_ua_v4_balanced|post_2026_08_08,full_suite,provisional,knowledge,latency_p50_ms,binary_label,253.0,2.6058,,,,32,results/week_5_router_v4/scores_mean_sd_router_v4.json,Run before the intent_rules.py leakage fix; needs a re-run.
week_5_router_v4,2026-08-08,router_matrix,mixed_ua_v4_balanced,192,3,post_2026_08_08,mixed_ua_v4_balanced|post_2026_08_08,full_suite,provisional,knowledge,quality,binary_label,0.75,0.0,0.5938,0.875,bootstrap_items_percentile_95,32,results/week_5_router_v4/scores_mean_sd_router_v4.json,Run before the intent_rules.py leakage fix; needs a re-run.
week_5_router_v4,2026-08-08,router_matrix,mixed_ua_v4_balanced,192,3,post_2026_08_08,mixed_ua_v4_balanced|post_2026_08_08,full_suite,provisional,translate,latency_p50_ms,continuous_chrf,517.5,0.1,,,,32,results/week_5_router_v4/scores_mean_sd_router_v4.json,Run before the intent_rules.py leakage fix; needs a re-run.
week_5_router_v4,2026-08-08,router_matrix,mixed_ua_v4_balanced,192,3,post_2026_08_08,mixed_ua_v4_balanced|post_2026_08_08,full_suite,provisional,translate,quality,continuous_chrf,0.8195,0.0,0.7864,0.8525,bootstrap_items_percentile_95,32,results/week_5_router_v4/scores_mean_sd_router_v4.json,Run before the intent_rules.py leakage fix; needs a re-run.
week_5_alignment_bakeoff,2026-08-08,lapa,mixed_ua_v4_balanced,192,1,post_2026_08_08,mixed_ua_v4_balanced|post_2026_08_08,bucket_subset,superseded,alignment,quality,binary_label,0.5938,,0.4375,0.75,bootstrap_items_percentile_95,32,results/week_5_alignment_bakeoff/scores_alignment_bakeoff.json,"Baseline prompts only. Superseded by scores_alignment_variants_flat.json, which also covers the clarified/few-shot variants."
week_5_alignment_bakeoff,2026-08-08,lapa,mixed_ua_v4_balanced,192,1,post_2026_08_08,mixed_ua_v4_balanced|post_2026_08_08,bucket_subset,superseded,alignment,latency_p50_ms,binary_label,188.1,,,,,32,results/week_5_alignment_bakeoff/scores_alignment_bakeoff.json,"Baseline prompts only. Superseded by scores_alignment_variants_flat.json, which also covers the clarified/few-shot variants."
week_5_alignment_bakeoff,2026-08-08,mamay4,mixed_ua_v4_balanced,192,1,post_2026_08_08,mixed_ua_v4_balanced|post_2026_08_08,bucket_subset,superseded,alignment,quality,binary_label,0.5938,,0.4375,0.75,bootstrap_items_percentile_95,32,results/week_5_alignment_bakeoff/scores_alignment_bakeoff.json,"Baseline prompts only. Superseded by scores_alignment_variants_flat.json, which also covers the clarified/few-shot variants."
week_5_alignment_bakeoff,2026-08-08,mamay4,mixed_ua_v4_balanced,192,1,post_2026_08_08,mixed_ua_v4_balanced|post_2026_08_08,bucket_subset,superseded,alignment,latency_p50_ms,binary_label,133.6,,,,,32,results/week_5_alignment_bakeoff/scores_alignment_bakeoff.json,"Baseline prompts only. Superseded by scores_alignment_variants_flat.json, which also covers the clarified/few-shot variants."
week_5_alignment_bakeoff,2026-08-08,lapa@baseline,mixed_ua_v4_balanced,192,2,post_2026_08_08,mixed_ua_v4_balanced|post_2026_08_08,bucket_subset,confirmed,alignment,quality,binary_label,0.5938,,0.4375,0.75,bootstrap_items_percentile_95,32,results/week_5_alignment_bakeoff/scores_alignment_variants_flat.json,"Alignment subset; system name carries the prompt variant. Identical across both repeats, ethics control unchanged. The social reference=1 collapse is fixed (McNemar p<0.01), but the bucket-wide gain is not significant at n=32 because the variants add a 2->1 error. See paired_vs_baseline in scores_alignment_variants.json."
week_5_alignment_bakeoff,2026-08-08,lapa@baseline,mixed_ua_v4_balanced,192,2,post_2026_08_08,mixed_ua_v4_balanced|post_2026_08_08,bucket_subset,confirmed,alignment,latency_p50_ms,binary_label,191.0,,,,,32,results/week_5_alignment_bakeoff/scores_alignment_variants_flat.json,"Alignment subset; system name carries the prompt variant. Identical across both repeats, ethics control unchanged. The social reference=1 collapse is fixed (McNemar p<0.01), but the bucket-wide gain is not significant at n=32 because the variants add a 2->1 error. See paired_vs_baseline in scores_alignment_variants.json."
week_5_alignment_bakeoff,2026-08-08,lapa@clarified,mixed_ua_v4_balanced,192,2,post_2026_08_08,mixed_ua_v4_balanced|post_2026_08_08,bucket_subset,confirmed,alignment,quality,binary_label,0.75,,0.5938,0.875,bootstrap_items_percentile_95,32,results/week_5_alignment_bakeoff/scores_alignment_variants_flat.json,"Alignment subset; system name carries the prompt variant. Identical across both repeats, ethics control unchanged. The social reference=1 collapse is fixed (McNemar p<0.01), but the bucket-wide gain is not significant at n=32 because the variants add a 2->1 error. See paired_vs_baseline in scores_alignment_variants.json."
week_5_alignment_bakeoff,2026-08-08,lapa@clarified,mixed_ua_v4_balanced,192,2,post_2026_08_08,mixed_ua_v4_balanced|post_2026_08_08,bucket_subset,confirmed,alignment,latency_p50_ms,binary_label,188.5,,,,,32,results/week_5_alignment_bakeoff/scores_alignment_variants_flat.json,"Alignment subset; system name carries the prompt variant. Identical across both repeats, ethics control unchanged. The social reference=1 collapse is fixed (McNemar p<0.01), but the bucket-wide gain is not significant at n=32 because the variants add a 2->1 error. See paired_vs_baseline in scores_alignment_variants.json."
week_5_alignment_bakeoff,2026-08-08,lapa@fewshot,mixed_ua_v4_balanced,192,2,post_2026_08_08,mixed_ua_v4_balanced|post_2026_08_08,bucket_subset,confirmed,alignment,quality,binary_label,0.75,,0.5938,0.875,bootstrap_items_percentile_95,32,results/week_5_alignment_bakeoff/scores_alignment_variants_flat.json,"Alignment subset; system name carries the prompt variant. Identical across both repeats, ethics control unchanged. The social reference=1 collapse is fixed (McNemar p<0.01), but the bucket-wide gain is not significant at n=32 because the variants add a 2->1 error. See paired_vs_baseline in scores_alignment_variants.json."
week_5_alignment_bakeoff,2026-08-08,lapa@fewshot,mixed_ua_v4_balanced,192,2,post_2026_08_08,mixed_ua_v4_balanced|post_2026_08_08,bucket_subset,confirmed,alignment,latency_p50_ms,binary_label,189.3,,,,,32,results/week_5_alignment_bakeoff/scores_alignment_variants_flat.json,"Alignment subset; system name carries the prompt variant. Identical across both repeats, ethics control unchanged. The social reference=1 collapse is fixed (McNemar p<0.01), but the bucket-wide gain is not significant at n=32 because the variants add a 2->1 error. See paired_vs_baseline in scores_alignment_variants.json."
week_5_alignment_bakeoff,2026-08-08,mamay4@baseline,mixed_ua_v4_balanced,192,2,post_2026_08_08,mixed_ua_v4_balanced|post_2026_08_08,bucket_subset,confirmed,alignment,quality,binary_label,0.5938,,0.4375,0.75,bootstrap_items_percentile_95,32,results/week_5_alignment_bakeoff/scores_alignment_variants_flat.json,"Alignment subset; system name carries the prompt variant. Identical across both repeats, ethics control unchanged. The social reference=1 collapse is fixed (McNemar p<0.01), but the bucket-wide gain is not significant at n=32 because the variants add a 2->1 error. See paired_vs_baseline in scores_alignment_variants.json."
week_5_alignment_bakeoff,2026-08-08,mamay4@baseline,mixed_ua_v4_balanced,192,2,post_2026_08_08,mixed_ua_v4_balanced|post_2026_08_08,bucket_subset,confirmed,alignment,latency_p50_ms,binary_label,133.1,,,,,32,results/week_5_alignment_bakeoff/scores_alignment_variants_flat.json,"Alignment subset; system name carries the prompt variant. Identical across both repeats, ethics control unchanged. The social reference=1 collapse is fixed (McNemar p<0.01), but the bucket-wide gain is not significant at n=32 because the variants add a 2->1 error. See paired_vs_baseline in scores_alignment_variants.json."
week_5_alignment_bakeoff,2026-08-08,mamay4@fewshot,mixed_ua_v4_balanced,192,2,post_2026_08_08,mixed_ua_v4_balanced|post_2026_08_08,bucket_subset,confirmed,alignment,quality,binary_label,0.7812,,0.625,0.9062,bootstrap_items_percentile_95,32,results/week_5_alignment_bakeoff/scores_alignment_variants_flat.json,"Alignment subset; system name carries the prompt variant. Identical across both repeats, ethics control unchanged. The social reference=1 collapse is fixed (McNemar p<0.01), but the bucket-wide gain is not significant at n=32 because the variants add a 2->1 error. See paired_vs_baseline in scores_alignment_variants.json."
week_5_alignment_bakeoff,2026-08-08,mamay4@fewshot,mixed_ua_v4_balanced,192,2,post_2026_08_08,mixed_ua_v4_balanced|post_2026_08_08,bucket_subset,confirmed,alignment,latency_p50_ms,binary_label,132.6,,,,,32,results/week_5_alignment_bakeoff/scores_alignment_variants_flat.json,"Alignment subset; system name carries the prompt variant. Identical across both repeats, ethics control unchanged. The social reference=1 collapse is fixed (McNemar p<0.01), but the bucket-wide gain is not significant at n=32 because the variants add a 2->1 error. See paired_vs_baseline in scores_alignment_variants.json."
,,mamay4,mixed_ua_v4_balanced,192,0,post_2026_08_08,mixed_ua_v4_balanced|post_2026_08_08,full_suite,missing,overall,overall_macro,,,,,,,,,Needed for router-vs-default on one suite.
,,mamay4,mixed_ua_v4_balanced,192,0,post_2026_08_08,mixed_ua_v4_balanced|post_2026_08_08,full_suite,missing,chat,quality,ordinal_quarter,,,,,,32,,Needed for router-vs-default on one suite.
,,mamay4,mixed_ua_v4_balanced,192,0,post_2026_08_08,mixed_ua_v4_balanced|post_2026_08_08,full_suite,missing,instruct,quality,binary_format,,,,,,32,,Needed for router-vs-default on one suite.
,,mamay4,mixed_ua_v4_balanced,192,0,post_2026_08_08,mixed_ua_v4_balanced|post_2026_08_08,full_suite,missing,translate,quality,continuous_chrf,,,,,,32,,Needed for router-vs-default on one suite.
,,mamay4,mixed_ua_v4_balanced,192,0,post_2026_08_08,mixed_ua_v4_balanced|post_2026_08_08,full_suite,missing,knowledge,quality,binary_label,,,,,,32,,Needed for router-vs-default on one suite.
,,mamay4,mixed_ua_v4_balanced,192,0,post_2026_08_08,mixed_ua_v4_balanced|post_2026_08_08,full_suite,missing,code,quality,binary_exec,,,,,,32,,Needed for router-vs-default on one suite.
,,lapa,mixed_ua_v4_balanced,192,0,post_2026_08_08,mixed_ua_v4_balanced|post_2026_08_08,full_suite,missing,overall,overall_macro,,,,,,,,,Needed for router-vs-best-specialist on one suite.
,,lapa,mixed_ua_v4_balanced,192,0,post_2026_08_08,mixed_ua_v4_balanced|post_2026_08_08,full_suite,missing,chat,quality,ordinal_quarter,,,,,,32,,Needed for router-vs-best-specialist on one suite.
,,lapa,mixed_ua_v4_balanced,192,0,post_2026_08_08,mixed_ua_v4_balanced|post_2026_08_08,full_suite,missing,instruct,quality,binary_format,,,,,,32,,Needed for router-vs-best-specialist on one suite.
,,lapa,mixed_ua_v4_balanced,192,0,post_2026_08_08,mixed_ua_v4_balanced|post_2026_08_08,full_suite,missing,translate,quality,continuous_chrf,,,,,,32,,Needed for router-vs-best-specialist on one suite.
,,lapa,mixed_ua_v4_balanced,192,0,post_2026_08_08,mixed_ua_v4_balanced|post_2026_08_08,full_suite,missing,knowledge,quality,binary_label,,,,,,32,,Needed for router-vs-best-specialist on one suite.
,,lapa,mixed_ua_v4_balanced,192,0,post_2026_08_08,mixed_ua_v4_balanced|post_2026_08_08,full_suite,missing,code,quality,binary_exec,,,,,,32,,Needed for router-vs-best-specialist on one suite.
,,mamay12,mixed_ua_v4_balanced,192,0,post_2026_08_08,mixed_ua_v4_balanced|post_2026_08_08,full_suite,missing,overall,overall_macro,,,,,,,,,Needed for router-vs-large-model on one suite.
,,mamay12,mixed_ua_v4_balanced,192,0,post_2026_08_08,mixed_ua_v4_balanced|post_2026_08_08,full_suite,missing,chat,quality,ordinal_quarter,,,,,,32,,Needed for router-vs-large-model on one suite.
,,mamay12,mixed_ua_v4_balanced,192,0,post_2026_08_08,mixed_ua_v4_balanced|post_2026_08_08,full_suite,missing,instruct,quality,binary_format,,,,,,32,,Needed for router-vs-large-model on one suite.
,,mamay12,mixed_ua_v4_balanced,192,0,post_2026_08_08,mixed_ua_v4_balanced|post_2026_08_08,full_suite,missing,translate,quality,continuous_chrf,,,,,,32,,Needed for router-vs-large-model on one suite.
,,mamay12,mixed_ua_v4_balanced,192,0,post_2026_08_08,mixed_ua_v4_balanced|post_2026_08_08,full_suite,missing,knowledge,quality,binary_label,,,,,,32,,Needed for router-vs-large-model on one suite.
,,mamay12,mixed_ua_v4_balanced,192,0,post_2026_08_08,mixed_ua_v4_balanced|post_2026_08_08,full_suite,missing,code,quality,binary_exec,,,,,,32,,Needed for router-vs-large-model on one suite.
,,mamay12,mixed_ua_v4_balanced,192,0,post_2026_08_08,mixed_ua_v4_balanced|post_2026_08_08,full_suite,missing,alignment,quality,binary_label,,,,,,32,,Needed for router-vs-large-model on one suite.
week_5_router_v4,2026-08-08,router_matrix,mixed_ua_v4_balanced,192,1,post_2026_08_08,mixed_ua_v4_balanced|post_2026_08_08,full_suite,provisional,chat,full_credit_count,ordinal_quarter,31,,,,,32,results/week_5_router_v4/success_stats_rep1.json,rep1 only.
week_5_router_v4,2026-08-08,router_matrix,mixed_ua_v4_balanced,192,1,post_2026_08_08,mixed_ua_v4_balanced|post_2026_08_08,full_suite,provisional,chat,zero_score_count,ordinal_quarter,0,,,,,32,results/week_5_router_v4/success_stats_rep1.json,rep1 only.
week_5_router_v4,2026-08-08,router_matrix,mixed_ua_v4_balanced,192,1,post_2026_08_08,mixed_ua_v4_balanced|post_2026_08_08,full_suite,invalid,translate,full_credit_count,continuous_chrf,1,,,,,32,results/week_5_router_v4/success_stats_rep1.json,Counts are meaningless for chrF-scored buckets.
week_5_router_v4,2026-08-08,router_matrix,mixed_ua_v4_balanced,192,1,post_2026_08_08,mixed_ua_v4_balanced|post_2026_08_08,full_suite,invalid,translate,zero_score_count,continuous_chrf,0,,,,,32,results/week_5_router_v4/success_stats_rep1.json,Counts are meaningless for chrF-scored buckets.
week_5_router_v4,2026-08-08,router_matrix,mixed_ua_v4_balanced,192,1,post_2026_08_08,mixed_ua_v4_balanced|post_2026_08_08,full_suite,provisional,instruct,full_credit_count,binary_format,25,,,,,32,results/week_5_router_v4/success_stats_rep1.json,rep1 only.
week_5_router_v4,2026-08-08,router_matrix,mixed_ua_v4_balanced,192,1,post_2026_08_08,mixed_ua_v4_balanced|post_2026_08_08,full_suite,provisional,instruct,zero_score_count,binary_format,7,,,,,32,results/week_5_router_v4/success_stats_rep1.json,rep1 only.
week_5_router_v4,2026-08-08,router_matrix,mixed_ua_v4_balanced,192,1,post_2026_08_08,mixed_ua_v4_balanced|post_2026_08_08,full_suite,provisional,knowledge,full_credit_count,binary_label,24,,,,,32,results/week_5_router_v4/success_stats_rep1.json,rep1 only.
week_5_router_v4,2026-08-08,router_matrix,mixed_ua_v4_balanced,192,1,post_2026_08_08,mixed_ua_v4_balanced|post_2026_08_08,full_suite,provisional,knowledge,zero_score_count,binary_label,8,,,,,32,results/week_5_router_v4/success_stats_rep1.json,rep1 only.
week_5_router_v4,2026-08-08,router_matrix,mixed_ua_v4_balanced,192,1,post_2026_08_08,mixed_ua_v4_balanced|post_2026_08_08,full_suite,provisional,code,full_credit_count,binary_exec,31,,,,,32,results/week_5_router_v4/success_stats_rep1.json,rep1 only.
week_5_router_v4,2026-08-08,router_matrix,mixed_ua_v4_balanced,192,1,post_2026_08_08,mixed_ua_v4_balanced|post_2026_08_08,full_suite,provisional,code,zero_score_count,binary_exec,1,,,,,32,results/week_5_router_v4/success_stats_rep1.json,rep1 only.
week_5_router_v4,2026-08-08,router_matrix,mixed_ua_v4_balanced,192,1,post_2026_08_08,mixed_ua_v4_balanced|post_2026_08_08,full_suite,provisional,alignment,full_credit_count,binary_label,19,,,,,32,results/week_5_router_v4/success_stats_rep1.json,rep1 only.
week_5_router_v4,2026-08-08,router_matrix,mixed_ua_v4_balanced,192,1,post_2026_08_08,mixed_ua_v4_balanced|post_2026_08_08,full_suite,provisional,alignment,zero_score_count,binary_label,13,,,,,32,results/week_5_router_v4/success_stats_rep1.json,rep1 only.
